gse_id,level,gsm_id,file_url_or_value,looks_useful_for_expression
GSE36961,series,,ftp://ftp.ncbi.nlm.nih.gov/geo/series/GSE36nnn/GSE36961/suppl/GSE36961_non-normalized.txt.gz,True
GSE249925,series,,ftp://ftp.ncbi.nlm.nih.gov/geo/series/GSE249nnn/GSE249925/suppl/GSE249925_20231208-For-GEO-Raw-Counts.tsv.gz,True
GSE141910,series,,ftp://ftp.ncbi.nlm.nih.gov/geo/series/GSE141nnn/GSE141910/suppl/GSE141910_RAW.tar,True
GSE160997,series,,ftp://ftp.ncbi.nlm.nih.gov/geo/series/GSE160nnn/GSE160997/suppl/GSE160997_RAW.tar,True
GSE57338,series,,ftp://ftp.ncbi.nlm.nih.gov/geo/series/GSE57nnn/GSE57338/suppl/GSE57338_RAW.tar,True
GSE57338,sample,GSM1379812,ftp://ftp.ncbi.nlm.nih.gov/geo/samples/GSM1379nnn/GSM1379812/suppl/GSM1379812_C02065_HuGene1.1ST.CEL.gz,True
GSE57338,sample,GSM1379813,ftp://ftp.ncbi.nlm.nih.gov/geo/samples/GSM1379nnn/GSM1379813/suppl/GSM1379813_C02066_HuGene1.1ST.CEL.gz,True
GSE57338,sample,GSM1379814,ftp://ftp.ncbi.nlm.nih.gov/geo/samples/GSM1379nnn/GSM1379814/suppl/GSM1379814_C02070_HuGene1.1ST.CEL.gz,True
GSE57338,sample,GSM1379815,ftp://ftp.ncbi.nlm.nih.gov/geo/samples/GSM1379nnn/GSM1379815/suppl/GSM1379815_C02071_HuGene1.1ST.CEL.gz,True
GSE57338,sample,GSM1379816,ftp://ftp.ncbi.nlm.nih.gov/geo/samples/GSM1379nnn/GSM1379816/suppl/GSM1379816_C02085_HuGene1.1ST.CEL.gz,True
GSE57338,sample,GSM1379817,ftp://ftp.ncbi.nlm.nih.gov/geo/samples/GSM1379nnn/GSM1379817/suppl/GSM1379817_C02086_HuGene1.1ST.CEL.gz,True
GSE57338,sample,GSM1379818,ftp://ftp.ncbi.nlm.nih.gov/geo/samples/GSM1379nnn/GSM1379818/suppl/GSM1379818_C02155_HuGene1.1ST.CEL.gz,True
GSE57338,sample,GSM1379819,ftp://ftp.ncbi.nlm.nih.gov/geo/samples/GSM1379nnn/GSM1379819/suppl/GSM1379819_C02146_HuGene1.1ST.CEL.gz,True
GSE57338,sample,GSM1379820,ftp://ftp.ncbi.nlm.nih.gov/geo/samples/GSM1379nnn/GSM1379820/suppl/GSM1379820_C02182_HuGene1.1ST.CEL.gz,True
GSE57338,sample,GSM1379821,ftp://ftp.ncbi.nlm.nih.gov/geo/samples/GSM1379nnn/GSM1379821/suppl/GSM1379821_C02142_HuGene1.1ST.CEL.gz,True
GSE57338,sample,GSM1379822,ftp://ftp.ncbi.nlm.nih.gov/geo/samples/GSM1379nnn/GSM1379822/suppl/GSM1379822_C02082_HuGene1.1ST.CEL.gz,True
GSE57338,sample,GSM1379823,ftp://ftp.ncbi.nlm.nih.gov/geo/samples/GSM1379nnn/GSM1379823/suppl/GSM1379823_C02187_HuGene1.1ST.CEL.gz,True
GSE57338,sample,GSM1379824,ftp://ftp.ncbi.nlm.nih.gov/geo/samples/GSM1379nnn/GSM1379824/suppl/GSM1379824_C02141_HuGene1.1ST.CEL.gz,True
GSE57338,sample,GSM1379825,ftp://ftp.ncbi.nlm.nih.gov/geo/samples/GSM1379nnn/GSM1379825/suppl/GSM1379825_C02136_HuGene1.1ST.CEL.gz,True
GSE57338,sample,GSM1379826,ftp://ftp.ncbi.nlm.nih.gov/geo/samples/GSM1379nnn/GSM1379826/suppl/GSM1379826_C02053_HuGene1.1ST.CEL.gz,True
GSE57338,sample,GSM1379827,ftp://ftp.ncbi.nlm.nih.gov/geo/samples/GSM1379nnn/GSM1379827/suppl/GSM1379827_C01984_HuGene1.1ST.CEL.gz,True
GSE57338,sample,GSM1379828,ftp://ftp.ncbi.nlm.nih.gov/geo/samples/GSM1379nnn/GSM1379828/suppl/GSM1379828_C02034_HuGene1.1ST.CEL.gz,True
GSE57338,sample,GSM1379829,ftp://ftp.ncbi.nlm.nih.gov/geo/samples/GSM1379nnn/GSM1379829/suppl/GSM1379829_C02042_HuGene1.1ST.CEL.gz,True
GSE57338,sample,GSM1379830,ftp://ftp.ncbi.nlm.nih.gov/geo/samples/GSM1379nnn/GSM1379830/suppl/GSM1379830_P01119_HuGene1.1ST.CEL.gz,True
GSE57338,sample,GSM1379831,ftp://ftp.ncbi.nlm.nih.gov/geo/samples/GSM1379nnn/GSM1379831/suppl/GSM1379831_P01151_HuGene1.1ST.CEL.gz,True
GSE57338,sample,GSM1379832,ftp://ftp.ncbi.nlm.nih.gov/geo/samples/GSM1379nnn/GSM1379832/suppl/GSM1379832_P01160_HuGene1.1ST.CEL.gz,True
GSE57338,sample,GSM1379833,ftp://ftp.ncbi.nlm.nih.gov/geo/samples/GSM1379nnn/GSM1379833/suppl/GSM1379833_P01185_HuGene1.1ST.CEL.gz,True
GSE57338,sample,GSM1379834,ftp://ftp.ncbi.nlm.nih.gov/geo/samples/GSM1379nnn/GSM1379834/suppl/GSM1379834_P01199_HuGene1.1ST.CEL.gz,True
GSE57338,sample,GSM1379835,ftp://ftp.ncbi.nlm.nih.gov/geo/samples/GSM1379nnn/GSM1379835/suppl/GSM1379835_P01207_HuGene1.1ST.CEL.gz,True
GSE57338,sample,GSM1379836,ftp://ftp.ncbi.nlm.nih.gov/geo/samples/GSM1379nnn/GSM1379836/suppl/GSM1379836_P01215_HuGene1.1ST.CEL.gz,True
GSE57338,sample,GSM1379837,ftp://ftp.ncbi.nlm.nih.gov/geo/samples/GSM1379nnn/GSM1379837/suppl/GSM1379837_P01225_HuGene1.1ST.CEL.gz,True
GSE57338,sample,GSM1379838,ftp://ftp.ncbi.nlm.nih.gov/geo/samples/GSM1379nnn/GSM1379838/suppl/GSM1379838_P01238_HuGene1.1ST.CEL.gz,True
GSE57338,sample,GSM1379839,ftp://ftp.ncbi.nlm.nih.gov/geo/samples/GSM1379nnn/GSM1379839/suppl/GSM1379839_P01248_HuGene1.1ST.CEL.gz,True
GSE57338,sample,GSM1379840,ftp://ftp.ncbi.nlm.nih.gov/geo/samples/GSM1379nnn/GSM1379840/suppl/GSM1379840_P01249_HuGene1.1ST.CEL.gz,True
GSE57338,sample,GSM1379841,ftp://ftp.ncbi.nlm.nih.gov/geo/samples/GSM1379nnn/GSM1379841/suppl/GSM1379841_P01251_HuGene1.1ST.CEL.gz,True
GSE57338,sample,GSM1379842,ftp://ftp.ncbi.nlm.nih.gov/geo/samples/GSM1379nnn/GSM1379842/suppl/GSM1379842_P01277_HuGene1.1ST.CEL.gz,True
GSE57338,sample,GSM1379843,ftp://ftp.ncbi.nlm.nih.gov/geo/samples/GSM1379nnn/GSM1379843/suppl/GSM1379843_P01202_HuGene1.1ST.CEL.gz,True
GSE57338,sample,GSM1379844,ftp://ftp.ncbi.nlm.nih.gov/geo/samples/GSM1379nnn/GSM1379844/suppl/GSM1379844_P01200_HuGene1.1ST.CEL.gz,True
GSE57338,sample,GSM1379845,ftp://ftp.ncbi.nlm.nih.gov/geo/samples/GSM1379nnn/GSM1379845/suppl/GSM1379845_P01273_HuGene1.1ST.CEL.gz,True
GSE57338,sample,GSM1379846,ftp://ftp.ncbi.nlm.nih.gov/geo/samples/GSM1379nnn/GSM1379846/suppl/GSM1379846_P01256_HuGene1.1ST.CEL.gz,True
GSE57338,sample,GSM1379847,ftp://ftp.ncbi.nlm.nih.gov/geo/samples/GSM1379nnn/GSM1379847/suppl/GSM1379847_P01281_HuGene1.1ST.CEL.gz,True
GSE57338,sample,GSM1379848,ftp://ftp.ncbi.nlm.nih.gov/geo/samples/GSM1379nnn/GSM1379848/suppl/GSM1379848_P01025_HuGene1.1ST.CEL.gz,True
GSE57338,sample,GSM1379849,ftp://ftp.ncbi.nlm.nih.gov/geo/samples/GSM1379nnn/GSM1379849/suppl/GSM1379849_P01257_HuGene1.1ST.CEL.gz,True
GSE57338,sample,GSM1379850,ftp://ftp.ncbi.nlm.nih.gov/geo/samples/GSM1379nnn/GSM1379850/suppl/GSM1379850_P01226_HuGene1.1ST.CEL.gz,True
GSE57338,sample,GSM1379851,ftp://ftp.ncbi.nlm.nih.gov/geo/samples/GSM1379nnn/GSM1379851/suppl/GSM1379851_P01259_HuGene1.1ST.CEL.gz,True
GSE57338,sample,GSM1379852,ftp://ftp.ncbi.nlm.nih.gov/geo/samples/GSM1379nnn/GSM1379852/suppl/GSM1379852_P01122_HuGene1.1ST.CEL.gz,True
GSE57338,sample,GSM1379853,ftp://ftp.ncbi.nlm.nih.gov/geo/samples/GSM1379nnn/GSM1379853/suppl/GSM1379853_P01171_HuGene1.1ST.CEL.gz,True
GSE57338,sample,GSM1379854,ftp://ftp.ncbi.nlm.nih.gov/geo/samples/GSM1379nnn/GSM1379854/suppl/GSM1379854_P01197_HuGene1.1ST.CEL.gz,True
GSE57338,sample,GSM1379855,ftp://ftp.ncbi.nlm.nih.gov/geo/samples/GSM1379nnn/GSM1379855/suppl/GSM1379855_P01237_HuGene1.1ST.CEL.gz,True
GSE57338,sample,GSM1379856,ftp://ftp.ncbi.nlm.nih.gov/geo/samples/GSM1379nnn/GSM1379856/suppl/GSM1379856_C00145_HuGene1.1ST.CEL.gz,True
GSE57338,sample,GSM1379857,ftp://ftp.ncbi.nlm.nih.gov/geo/samples/GSM1379nnn/GSM1379857/suppl/GSM1379857_C00086_HuGene1.1ST.CEL.gz,True
GSE57338,sample,GSM1379858,ftp://ftp.ncbi.nlm.nih.gov/geo/samples/GSM1379nnn/GSM1379858/suppl/GSM1379858_C00094_HuGene1.1ST.CEL.gz,True
GSE57338,sample,GSM1379859,ftp://ftp.ncbi.nlm.nih.gov/geo/samples/GSM1379nnn/GSM1379859/suppl/GSM1379859_C00134_HuGene1.1ST.CEL.gz,True
GSE57338,sample,GSM1379860,ftp://ftp.ncbi.nlm.nih.gov/geo/samples/GSM1379nnn/GSM1379860/suppl/GSM1379860_C00146_HuGene1.1ST.CEL.gz,True
GSE57338,sample,GSM1379861,ftp://ftp.ncbi.nlm.nih.gov/geo/samples/GSM1379nnn/GSM1379861/suppl/GSM1379861_C00091_HuGene1.1ST.CEL.gz,True
GSE57338,sample,GSM1379862,ftp://ftp.ncbi.nlm.nih.gov/geo/samples/GSM1379nnn/GSM1379862/suppl/GSM1379862_C00075_HuGene1.1ST.CEL.gz,True
GSE57338,sample,GSM1379863,ftp://ftp.ncbi.nlm.nih.gov/geo/samples/GSM1379nnn/GSM1379863/suppl/GSM1379863_P01279_HuGene1.1ST.CEL.gz,True
GSE57338,sample,GSM1379864,ftp://ftp.ncbi.nlm.nih.gov/geo/samples/GSM1379nnn/GSM1379864/suppl/GSM1379864_P01232_HuGene1.1ST.CEL.gz,True
GSE57338,sample,GSM1379865,ftp://ftp.ncbi.nlm.nih.gov/geo/samples/GSM1379nnn/GSM1379865/suppl/GSM1379865_P01176_HuGene1.1ST.CEL.gz,True
GSE57338,sample,GSM1379866,ftp://ftp.ncbi.nlm.nih.gov/geo/samples/GSM1379nnn/GSM1379866/suppl/GSM1379866_P01136_HuGene1.1ST.CEL.gz,True
GSE57338,sample,GSM1379867,ftp://ftp.ncbi.nlm.nih.gov/geo/samples/GSM1379nnn/GSM1379867/suppl/GSM1379867_P01138_HuGene1.1ST.CEL.gz,True
GSE57338,sample,GSM1379868,ftp://ftp.ncbi.nlm.nih.gov/geo/samples/GSM1379nnn/GSM1379868/suppl/GSM1379868_P01252_HuGene1.1ST.CEL.gz,True
GSE57338,sample,GSM1379869,ftp://ftp.ncbi.nlm.nih.gov/geo/samples/GSM1379nnn/GSM1379869/suppl/GSM1379869_P01184_HuGene1.1ST.CEL.gz,True
GSE57338,sample,GSM1379870,ftp://ftp.ncbi.nlm.nih.gov/geo/samples/GSM1379nnn/GSM1379870/suppl/GSM1379870_P01067_HuGene1.1ST.CEL.gz,True
GSE57338,sample,GSM1379871,ftp://ftp.ncbi.nlm.nih.gov/geo/samples/GSM1379nnn/GSM1379871/suppl/GSM1379871_P01140_HuGene1.1ST.CEL.gz,True
GSE57338,sample,GSM1379872,ftp://ftp.ncbi.nlm.nih.gov/geo/samples/GSM1379nnn/GSM1379872/suppl/GSM1379872_P01100_HuGene1.1ST.CEL.gz,True
GSE57338,sample,GSM1379873,ftp://ftp.ncbi.nlm.nih.gov/geo/samples/GSM1379nnn/GSM1379873/suppl/GSM1379873_P01183_HuGene1.1ST.CEL.gz,True
GSE57338,sample,GSM1379874,ftp://ftp.ncbi.nlm.nih.gov/geo/samples/GSM1379nnn/GSM1379874/suppl/GSM1379874_P01152_HuGene1.1ST.CEL.gz,True
GSE57338,sample,GSM1379875,ftp://ftp.ncbi.nlm.nih.gov/geo/samples/GSM1379nnn/GSM1379875/suppl/GSM1379875_P01165_HuGene1.1ST.CEL.gz,True
GSE57338,sample,GSM1379876,ftp://ftp.ncbi.nlm.nih.gov/geo/samples/GSM1379nnn/GSM1379876/suppl/GSM1379876_P01101_HuGene1.1ST.CEL.gz,True
GSE57338,sample,GSM1379877,ftp://ftp.ncbi.nlm.nih.gov/geo/samples/GSM1379nnn/GSM1379877/suppl/GSM1379877_C00079_HuGene1.1ST.CEL.gz,True
GSE57338,sample,GSM1379878,ftp://ftp.ncbi.nlm.nih.gov/geo/samples/GSM1379nnn/GSM1379878/suppl/GSM1379878_C00108_HuGene1.1ST.CEL.gz,True
GSE57338,sample,GSM1379879,ftp://ftp.ncbi.nlm.nih.gov/geo/samples/GSM1379nnn/GSM1379879/suppl/GSM1379879_P00368_HuGene1.1ST.CEL.gz,True
GSE57338,sample,GSM1379880,ftp://ftp.ncbi.nlm.nih.gov/geo/samples/GSM1379nnn/GSM1379880/suppl/GSM1379880_C00171_HuGene1.1ST.CEL.gz,True
GSE57338,sample,GSM1379881,ftp://ftp.ncbi.nlm.nih.gov/geo/samples/GSM1379nnn/GSM1379881/suppl/GSM1379881_C00040_HuGene1.1ST.CEL.gz,True
GSE57338,sample,GSM1379882,ftp://ftp.ncbi.nlm.nih.gov/geo/samples/GSM1379nnn/GSM1379882/suppl/GSM1379882_C00048_HuGene1.1ST.CEL.gz,True
GSE57338,sample,GSM1379883,ftp://ftp.ncbi.nlm.nih.gov/geo/samples/GSM1379nnn/GSM1379883/suppl/GSM1379883_C00080_HuGene1.1ST.CEL.gz,True
GSE57338,sample,GSM1379884,ftp://ftp.ncbi.nlm.nih.gov/geo/samples/GSM1379nnn/GSM1379884/suppl/GSM1379884_C00081_HuGene1.1ST.CEL.gz,True
GSE57338,sample,GSM1379885,ftp://ftp.ncbi.nlm.nih.gov/geo/samples/GSM1379nnn/GSM1379885/suppl/GSM1379885_C00099_HuGene1.1ST.CEL.gz,True
GSE57338,sample,GSM1379886,ftp://ftp.ncbi.nlm.nih.gov/geo/samples/GSM1379nnn/GSM1379886/suppl/GSM1379886_C00116_HuGene1.1ST.CEL.gz,True
GSE57338,sample,GSM1379887,ftp://ftp.ncbi.nlm.nih.gov/geo/samples/GSM1379nnn/GSM1379887/suppl/GSM1379887_C00062_HuGene1.1ST.CEL.gz,True
GSE57338,sample,GSM1379888,ftp://ftp.ncbi.nlm.nih.gov/geo/samples/GSM1379nnn/GSM1379888/suppl/GSM1379888_C00078_HuGene1.1ST.CEL.gz,True
GSE57338,sample,GSM1379889,ftp://ftp.ncbi.nlm.nih.gov/geo/samples/GSM1379nnn/GSM1379889/suppl/GSM1379889_C00160_HuGene1.1ST.CEL.gz,True
GSE57338,sample,GSM1379890,ftp://ftp.ncbi.nlm.nih.gov/geo/samples/GSM1379nnn/GSM1379890/suppl/GSM1379890_C00164_HuGene1.1ST.CEL.gz,True
GSE57338,sample,GSM1379891,ftp://ftp.ncbi.nlm.nih.gov/geo/samples/GSM1379nnn/GSM1379891/suppl/GSM1379891_C00043_HuGene1.1ST.CEL.gz,True
GSE57338,sample,GSM1379892,ftp://ftp.ncbi.nlm.nih.gov/geo/samples/GSM1379nnn/GSM1379892/suppl/GSM1379892_C00077_HuGene1.1ST.CEL.gz,True
GSE57338,sample,GSM1379893,ftp://ftp.ncbi.nlm.nih.gov/geo/samples/GSM1379nnn/GSM1379893/suppl/GSM1379893_C00138_HuGene1.1ST.CEL.gz,True
GSE57338,sample,GSM1379894,ftp://ftp.ncbi.nlm.nih.gov/geo/samples/GSM1379nnn/GSM1379894/suppl/GSM1379894_C00133_HuGene1.1ST.CEL.gz,True
GSE57338,sample,GSM1379895,ftp://ftp.ncbi.nlm.nih.gov/geo/samples/GSM1379nnn/GSM1379895/suppl/GSM1379895_C00109_HuGene1.1ST.CEL.gz,True
GSE57338,sample,GSM1379896,ftp://ftp.ncbi.nlm.nih.gov/geo/samples/GSM1379nnn/GSM1379896/suppl/GSM1379896_C00115_HuGene1.1ST.CEL.gz,True
GSE57338,sample,GSM1379897,ftp://ftp.ncbi.nlm.nih.gov/geo/samples/GSM1379nnn/GSM1379897/suppl/GSM1379897_C00060_HuGene1.1ST.CEL.gz,True
GSE57338,sample,GSM1379898,ftp://ftp.ncbi.nlm.nih.gov/geo/samples/GSM1379nnn/GSM1379898/suppl/GSM1379898_C00064_HuGene1.1ST.CEL.gz,True
GSE57338,sample,GSM1379899,ftp://ftp.ncbi.nlm.nih.gov/geo/samples/GSM1379nnn/GSM1379899/suppl/GSM1379899_C00101_HuGene1.1ST.CEL.gz,True
GSE57338,sample,GSM1379900,ftp://ftp.ncbi.nlm.nih.gov/geo/samples/GSM1379nnn/GSM1379900/suppl/GSM1379900_C00102_HuGene1.1ST.CEL.gz,True
GSE57338,sample,GSM1379901,ftp://ftp.ncbi.nlm.nih.gov/geo/samples/GSM1379nnn/GSM1379901/suppl/GSM1379901_C00104_HuGene1.1ST.CEL.gz,True
GSE57338,sample,GSM1379902,ftp://ftp.ncbi.nlm.nih.gov/geo/samples/GSM1379nnn/GSM1379902/suppl/GSM1379902_C00118_HuGene1.1ST.CEL.gz,True
GSE57338,sample,GSM1379903,ftp://ftp.ncbi.nlm.nih.gov/geo/samples/GSM1379nnn/GSM1379903/suppl/GSM1379903_C00120_HuGene1.1ST.CEL.gz,True
GSE57338,sample,GSM1379904,ftp://ftp.ncbi.nlm.nih.gov/geo/samples/GSM1379nnn/GSM1379904/suppl/GSM1379904_C00121_HuGene1.1ST.CEL.gz,True
GSE57338,sample,GSM1379905,ftp://ftp.ncbi.nlm.nih.gov/geo/samples/GSM1379nnn/GSM1379905/suppl/GSM1379905_C00122_HuGene1.1ST.CEL.gz,True
GSE57338,sample,GSM1379906,ftp://ftp.ncbi.nlm.nih.gov/geo/samples/GSM1379nnn/GSM1379906/suppl/GSM1379906_C00127_HuGene1.1ST.CEL.gz,True
GSE57338,sample,GSM1379907,ftp://ftp.ncbi.nlm.nih.gov/geo/samples/GSM1379nnn/GSM1379907/suppl/GSM1379907_C00150_HuGene1.1ST.CEL.gz,True
GSE57338,sample,GSM1379908,ftp://ftp.ncbi.nlm.nih.gov/geo/samples/GSM1379nnn/GSM1379908/suppl/GSM1379908_C00151_HuGene1.1ST.CEL.gz,True
GSE57338,sample,GSM1379909,ftp://ftp.ncbi.nlm.nih.gov/geo/samples/GSM1379nnn/GSM1379909/suppl/GSM1379909_C00119_HuGene1.1ST.CEL.gz,True
GSE57338,sample,GSM1379910,ftp://ftp.ncbi.nlm.nih.gov/geo/samples/GSM1379nnn/GSM1379910/suppl/GSM1379910_C00170_HuGene1.1ST.CEL.gz,True
GSE57338,sample,GSM1379911,ftp://ftp.ncbi.nlm.nih.gov/geo/samples/GSM1379nnn/GSM1379911/suppl/GSM1379911_C00153_HuGene1.1ST.CEL.gz,True
GSE57338,sample,GSM1379912,ftp://ftp.ncbi.nlm.nih.gov/geo/samples/GSM1379nnn/GSM1379912/suppl/GSM1379912_C00157_HuGene1.1ST.CEL.gz,True
GSE57338,sample,GSM1379913,ftp://ftp.ncbi.nlm.nih.gov/geo/samples/GSM1379nnn/GSM1379913/suppl/GSM1379913_C00162_HuGene1.1ST.CEL.gz,True
GSE57338,sample,GSM1379914,ftp://ftp.ncbi.nlm.nih.gov/geo/samples/GSM1379nnn/GSM1379914/suppl/GSM1379914_C00163_HuGene1.1ST.CEL.gz,True
GSE57338,sample,GSM1379915,ftp://ftp.ncbi.nlm.nih.gov/geo/samples/GSM1379nnn/GSM1379915/suppl/GSM1379915_C00165_HuGene1.1ST.CEL.gz,True
GSE57338,sample,GSM1379916,ftp://ftp.ncbi.nlm.nih.gov/geo/samples/GSM1379nnn/GSM1379916/suppl/GSM1379916_P01036_HuGene1.1ST.CEL.gz,True
GSE57338,sample,GSM1379917,ftp://ftp.ncbi.nlm.nih.gov/geo/samples/GSM1379nnn/GSM1379917/suppl/GSM1379917_P01039_HuGene1.1ST.CEL.gz,True
GSE57338,sample,GSM1379918,ftp://ftp.ncbi.nlm.nih.gov/geo/samples/GSM1379nnn/GSM1379918/suppl/GSM1379918_C00041_HuGene1.1ST.CEL.gz,True
GSE57338,sample,GSM1379919,ftp://ftp.ncbi.nlm.nih.gov/geo/samples/GSM1379nnn/GSM1379919/suppl/GSM1379919_C00042_HuGene1.1ST.CEL.gz,True
GSE57338,sample,GSM1379920,ftp://ftp.ncbi.nlm.nih.gov/geo/samples/GSM1379nnn/GSM1379920/suppl/GSM1379920_C00044_HuGene1.1ST.CEL.gz,True
GSE57338,sample,GSM1379921,ftp://ftp.ncbi.nlm.nih.gov/geo/samples/GSM1379nnn/GSM1379921/suppl/GSM1379921_C00045_HuGene1.1ST.CEL.gz,True
GSE57338,sample,GSM1379922,ftp://ftp.ncbi.nlm.nih.gov/geo/samples/GSM1379nnn/GSM1379922/suppl/GSM1379922_C00097_HuGene1.1ST.CEL.gz,True
GSE57338,sample,GSM1379923,ftp://ftp.ncbi.nlm.nih.gov/geo/samples/GSM1379nnn/GSM1379923/suppl/GSM1379923_C00098_HuGene1.1ST.CEL.gz,True
GSE57338,sample,GSM1379924,ftp://ftp.ncbi.nlm.nih.gov/geo/samples/GSM1379nnn/GSM1379924/suppl/GSM1379924_C00076_HuGene1.1ST.CEL.gz,True
GSE57338,sample,GSM1379925,ftp://ftp.ncbi.nlm.nih.gov/geo/samples/GSM1379nnn/GSM1379925/suppl/GSM1379925_C00096_HuGene1.1ST.CEL.gz,True
GSE57338,sample,GSM1379926,ftp://ftp.ncbi.nlm.nih.gov/geo/samples/GSM1379nnn/GSM1379926/suppl/GSM1379926_C00107_HuGene1.1ST.CEL.gz,True
GSE57338,sample,GSM1379927,ftp://ftp.ncbi.nlm.nih.gov/geo/samples/GSM1379nnn/GSM1379927/suppl/GSM1379927_C00083_HuGene1.1ST.CEL.gz,True
GSE57338,sample,GSM1379928,ftp://ftp.ncbi.nlm.nih.gov/geo/samples/GSM1379nnn/GSM1379928/suppl/GSM1379928_C02068_HuGene1.1ST.CEL.gz,True
GSE57338,sample,GSM1379929,ftp://ftp.ncbi.nlm.nih.gov/geo/samples/GSM1379nnn/GSM1379929/suppl/GSM1379929_C02069_HuGene1.1ST.CEL.gz,True
GSE57338,sample,GSM1379930,ftp://ftp.ncbi.nlm.nih.gov/geo/samples/GSM1379nnn/GSM1379930/suppl/GSM1379930_C02077_HuGene1.1ST.CEL.gz,True
GSE57338,sample,GSM1379931,ftp://ftp.ncbi.nlm.nih.gov/geo/samples/GSM1379nnn/GSM1379931/suppl/GSM1379931_C02080_HuGene1.1ST.CEL.gz,True
GSE57338,sample,GSM1379932,ftp://ftp.ncbi.nlm.nih.gov/geo/samples/GSM1379nnn/GSM1379932/suppl/GSM1379932_C02081_HuGene1.1ST.CEL.gz,True
GSE57338,sample,GSM1379933,ftp://ftp.ncbi.nlm.nih.gov/geo/samples/GSM1379nnn/GSM1379933/suppl/GSM1379933_C02092_HuGene1.1ST.CEL.gz,True
GSE57338,sample,GSM1379934,ftp://ftp.ncbi.nlm.nih.gov/geo/samples/GSM1379nnn/GSM1379934/suppl/GSM1379934_C02094_HuGene1.1ST.CEL.gz,True
GSE57338,sample,GSM1379935,ftp://ftp.ncbi.nlm.nih.gov/geo/samples/GSM1379nnn/GSM1379935/suppl/GSM1379935_C02095_HuGene1.1ST.CEL.gz,True
GSE57338,sample,GSM1379936,ftp://ftp.ncbi.nlm.nih.gov/geo/samples/GSM1379nnn/GSM1379936/suppl/GSM1379936_C02097_HuGene1.1ST.CEL.gz,True
GSE57338,sample,GSM1379937,ftp://ftp.ncbi.nlm.nih.gov/geo/samples/GSM1379nnn/GSM1379937/suppl/GSM1379937_C02109_HuGene1.1ST.CEL.gz,True
GSE57338,sample,GSM1379938,ftp://ftp.ncbi.nlm.nih.gov/geo/samples/GSM1379nnn/GSM1379938/suppl/GSM1379938_C02111_HuGene1.1ST.CEL.gz,True
GSE57338,sample,GSM1379939,ftp://ftp.ncbi.nlm.nih.gov/geo/samples/GSM1379nnn/GSM1379939/suppl/GSM1379939_C01954_HuGene1.1ST.CEL.gz,True
GSE57338,sample,GSM1379940,ftp://ftp.ncbi.nlm.nih.gov/geo/samples/GSM1379nnn/GSM1379940/suppl/GSM1379940_C01960_HuGene1.1ST.CEL.gz,True
GSE57338,sample,GSM1379941,ftp://ftp.ncbi.nlm.nih.gov/geo/samples/GSM1379nnn/GSM1379941/suppl/GSM1379941_C01990_HuGene1.1ST.CEL.gz,True
GSE57338,sample,GSM1379942,ftp://ftp.ncbi.nlm.nih.gov/geo/samples/GSM1379nnn/GSM1379942/suppl/GSM1379942_C01997_HuGene1.1ST.CEL.gz,True
GSE57338,sample,GSM1379943,ftp://ftp.ncbi.nlm.nih.gov/geo/samples/GSM1379nnn/GSM1379943/suppl/GSM1379943_C02031_HuGene1.1ST.CEL.gz,True
GSE57338,sample,GSM1379944,ftp://ftp.ncbi.nlm.nih.gov/geo/samples/GSM1379nnn/GSM1379944/suppl/GSM1379944_C02045_HuGene1.1ST.CEL.gz,True
GSE57338,sample,GSM1379945,ftp://ftp.ncbi.nlm.nih.gov/geo/samples/GSM1379nnn/GSM1379945/suppl/GSM1379945_C02057_HuGene1.1ST.CEL.gz,True
GSE57338,sample,GSM1379946,ftp://ftp.ncbi.nlm.nih.gov/geo/samples/GSM1379nnn/GSM1379946/suppl/GSM1379946_C02061_HuGene1.1ST.CEL.gz,True
GSE57338,sample,GSM1379947,ftp://ftp.ncbi.nlm.nih.gov/geo/samples/GSM1379nnn/GSM1379947/suppl/GSM1379947_C02116_HuGene1.1ST.CEL.gz,True
GSE57338,sample,GSM1379948,ftp://ftp.ncbi.nlm.nih.gov/geo/samples/GSM1379nnn/GSM1379948/suppl/GSM1379948_C02123_HuGene1.1ST.CEL.gz,True
GSE57338,sample,GSM1379949,ftp://ftp.ncbi.nlm.nih.gov/geo/samples/GSM1379nnn/GSM1379949/suppl/GSM1379949_C02083_HuGene1.1ST.CEL.gz,True
GSE57338,sample,GSM1379950,ftp://ftp.ncbi.nlm.nih.gov/geo/samples/GSM1379nnn/GSM1379950/suppl/GSM1379950_C02058_HuGene1.1ST.CEL.gz,True
GSE57338,sample,GSM1379951,ftp://ftp.ncbi.nlm.nih.gov/geo/samples/GSM1379nnn/GSM1379951/suppl/GSM1379951_C02114_HuGene1.1ST.CEL.gz,True
GSE57338,sample,GSM1379952,ftp://ftp.ncbi.nlm.nih.gov/geo/samples/GSM1379nnn/GSM1379952/suppl/GSM1379952_C02130_HuGene1.1ST.CEL.gz,True
GSE57338,sample,GSM1379953,ftp://ftp.ncbi.nlm.nih.gov/geo/samples/GSM1379nnn/GSM1379953/suppl/GSM1379953_C02131_HuGene1.1ST.CEL.gz,True
GSE57338,sample,GSM1379954,ftp://ftp.ncbi.nlm.nih.gov/geo/samples/GSM1379nnn/GSM1379954/suppl/GSM1379954_C02177_HuGene1.1ST.CEL.gz,True
GSE57338,sample,GSM1379955,ftp://ftp.ncbi.nlm.nih.gov/geo/samples/GSM1379nnn/GSM1379955/suppl/GSM1379955_P01082_HuGene1.1ST.CEL.gz,True
GSE57338,sample,GSM1379956,ftp://ftp.ncbi.nlm.nih.gov/geo/samples/GSM1379nnn/GSM1379956/suppl/GSM1379956_P01163_HuGene1.1ST.CEL.gz,True
GSE57338,sample,GSM1379957,ftp://ftp.ncbi.nlm.nih.gov/geo/samples/GSM1379nnn/GSM1379957/suppl/GSM1379957_P00343_HuGene1.1ST.CEL.gz,True
GSE57338,sample,GSM1379958,ftp://ftp.ncbi.nlm.nih.gov/geo/samples/GSM1379nnn/GSM1379958/suppl/GSM1379958_P00025_HuGene1.1ST.CEL.gz,True
GSE57338,sample,GSM1379959,ftp://ftp.ncbi.nlm.nih.gov/geo/samples/GSM1379nnn/GSM1379959/suppl/GSM1379959_P00026_HuGene1.1ST.CEL.gz,True
GSE57338,sample,GSM1379960,ftp://ftp.ncbi.nlm.nih.gov/geo/samples/GSM1379nnn/GSM1379960/suppl/GSM1379960_P00038_HuGene1.1ST.CEL.gz,True
GSE57338,sample,GSM1379961,ftp://ftp.ncbi.nlm.nih.gov/geo/samples/GSM1379nnn/GSM1379961/suppl/GSM1379961_P00460_HuGene1.1ST.CEL.gz,True
GSE57338,sample,GSM1379962,ftp://ftp.ncbi.nlm.nih.gov/geo/samples/GSM1379nnn/GSM1379962/suppl/GSM1379962_C00113_HuGene1.1ST.CEL.gz,True
GSE57338,sample,GSM1379963,ftp://ftp.ncbi.nlm.nih.gov/geo/samples/GSM1379nnn/GSM1379963/suppl/GSM1379963_P00166_HuGene1.1ST.CEL.gz,True
GSE57338,sample,GSM1379964,ftp://ftp.ncbi.nlm.nih.gov/geo/samples/GSM1379nnn/GSM1379964/suppl/GSM1379964_P00176_HuGene1.1ST.CEL.gz,True
GSE57338,sample,GSM1379965,ftp://ftp.ncbi.nlm.nih.gov/geo/samples/GSM1379nnn/GSM1379965/suppl/GSM1379965_P01070_HuGene1.1ST.CEL.gz,True
GSE57338,sample,GSM1379966,ftp://ftp.ncbi.nlm.nih.gov/geo/samples/GSM1379nnn/GSM1379966/suppl/GSM1379966_C00112_HuGene1.1ST.CEL.gz,True
GSE57338,sample,GSM1379967,ftp://ftp.ncbi.nlm.nih.gov/geo/samples/GSM1379nnn/GSM1379967/suppl/GSM1379967_P01085_HuGene1.1ST.CEL.gz,True
GSE57338,sample,GSM1379968,ftp://ftp.ncbi.nlm.nih.gov/geo/samples/GSM1379nnn/GSM1379968/suppl/GSM1379968_C00142_HuGene1.1ST.CEL.gz,True
GSE57338,sample,GSM1379969,ftp://ftp.ncbi.nlm.nih.gov/geo/samples/GSM1379nnn/GSM1379969/suppl/GSM1379969_C00137_HuGene1.1ST.CEL.gz,True
GSE57338,sample,GSM1379970,ftp://ftp.ncbi.nlm.nih.gov/geo/samples/GSM1379nnn/GSM1379970/suppl/GSM1379970_C00111_HuGene1.1ST.CEL.gz,True
GSE57338,sample,GSM1379971,ftp://ftp.ncbi.nlm.nih.gov/geo/samples/GSM1379nnn/GSM1379971/suppl/GSM1379971_C00114_HuGene1.1ST.CEL.gz,True
GSE57338,sample,GSM1379972,ftp://ftp.ncbi.nlm.nih.gov/geo/samples/GSM1379nnn/GSM1379972/suppl/GSM1379972_C00047_HuGene1.1ST.CEL.gz,True
GSE57338,sample,GSM1379973,ftp://ftp.ncbi.nlm.nih.gov/geo/samples/GSM1379nnn/GSM1379973/suppl/GSM1379973_C00049_HuGene1.1ST.CEL.gz,True
GSE57338,sample,GSM1379974,ftp://ftp.ncbi.nlm.nih.gov/geo/samples/GSM1379nnn/GSM1379974/suppl/GSM1379974_C00057_HuGene1.1ST.CEL.gz,True
GSE57338,sample,GSM1379975,ftp://ftp.ncbi.nlm.nih.gov/geo/samples/GSM1379nnn/GSM1379975/suppl/GSM1379975_C00058_HuGene1.1ST.CEL.gz,True
GSE57338,sample,GSM1379976,ftp://ftp.ncbi.nlm.nih.gov/geo/samples/GSM1379nnn/GSM1379976/suppl/GSM1379976_C00067_HuGene1.1ST.CEL.gz,True
GSE57338,sample,GSM1379977,ftp://ftp.ncbi.nlm.nih.gov/geo/samples/GSM1379nnn/GSM1379977/suppl/GSM1379977_C00069_HuGene1.1ST.CEL.gz,True
GSE57338,sample,GSM1379978,ftp://ftp.ncbi.nlm.nih.gov/geo/samples/GSM1379nnn/GSM1379978/suppl/GSM1379978_C00070_HuGene1.1ST.CEL.gz,True
GSE57338,sample,GSM1379979,ftp://ftp.ncbi.nlm.nih.gov/geo/samples/GSM1379nnn/GSM1379979/suppl/GSM1379979_C00082_HuGene1.1ST.CEL.gz,True
GSE57338,sample,GSM1379980,ftp://ftp.ncbi.nlm.nih.gov/geo/samples/GSM1379nnn/GSM1379980/suppl/GSM1379980_C00084_HuGene1.1ST.CEL.gz,True
GSE57338,sample,GSM1379981,ftp://ftp.ncbi.nlm.nih.gov/geo/samples/GSM1379nnn/GSM1379981/suppl/GSM1379981_C00088_HuGene1.1ST.CEL.gz,True
GSE57338,sample,GSM1379982,ftp://ftp.ncbi.nlm.nih.gov/geo/samples/GSM1379nnn/GSM1379982/suppl/GSM1379982_C00089_HuGene1.1ST.CEL.gz,True
GSE57338,sample,GSM1379983,ftp://ftp.ncbi.nlm.nih.gov/geo/samples/GSM1379nnn/GSM1379983/suppl/GSM1379983_C00093_HuGene1.1ST.CEL.gz,True
GSE57338,sample,GSM1379984,ftp://ftp.ncbi.nlm.nih.gov/geo/samples/GSM1379nnn/GSM1379984/suppl/GSM1379984_P01287_HuGene1.1ST.CEL.gz,True
GSE57338,sample,GSM1379985,ftp://ftp.ncbi.nlm.nih.gov/geo/samples/GSM1379nnn/GSM1379985/suppl/GSM1379985_C00154_HuGene1.1ST.CEL.gz,True
GSE57338,sample,GSM1379986,ftp://ftp.ncbi.nlm.nih.gov/geo/samples/GSM1379nnn/GSM1379986/suppl/GSM1379986_C00155_HuGene1.1ST.CEL.gz,True
GSE57338,sample,GSM1379987,ftp://ftp.ncbi.nlm.nih.gov/geo/samples/GSM1379nnn/GSM1379987/suppl/GSM1379987_C00117_HuGene1.1ST.CEL.gz,True
GSE57338,sample,GSM1379988,ftp://ftp.ncbi.nlm.nih.gov/geo/samples/GSM1379nnn/GSM1379988/suppl/GSM1379988_C00140_HuGene1.1ST.CEL.gz,True
GSE57338,sample,GSM1379989,ftp://ftp.ncbi.nlm.nih.gov/geo/samples/GSM1379nnn/GSM1379989/suppl/GSM1379989_C00100_HuGene1.1ST.CEL.gz,True
GSE57338,sample,GSM1379990,ftp://ftp.ncbi.nlm.nih.gov/geo/samples/GSM1379nnn/GSM1379990/suppl/GSM1379990_C00136_HuGene1.1ST.CEL.gz,True
GSE57338,sample,GSM1379991,ftp://ftp.ncbi.nlm.nih.gov/geo/samples/GSM1379nnn/GSM1379991/suppl/GSM1379991_C00149_HuGene1.1ST.CEL.gz,True
GSE57338,sample,GSM1379992,ftp://ftp.ncbi.nlm.nih.gov/geo/samples/GSM1379nnn/GSM1379992/suppl/GSM1379992_C02064_HuGene1.1ST.CEL.gz,True
GSE57338,sample,GSM1379993,ftp://ftp.ncbi.nlm.nih.gov/geo/samples/GSM1379nnn/GSM1379993/suppl/GSM1379993_C02099_HuGene1.1ST.CEL.gz,True
GSE57338,sample,GSM1379994,ftp://ftp.ncbi.nlm.nih.gov/geo/samples/GSM1379nnn/GSM1379994/suppl/GSM1379994_C02100_HuGene1.1ST.CEL.gz,True
GSE57338,sample,GSM1379995,ftp://ftp.ncbi.nlm.nih.gov/geo/samples/GSM1379nnn/GSM1379995/suppl/GSM1379995_C02101_HuGene1.1ST.CEL.gz,True
GSE57338,sample,GSM1379996,ftp://ftp.ncbi.nlm.nih.gov/geo/samples/GSM1379nnn/GSM1379996/suppl/GSM1379996_C02104_HuGene1.1ST.CEL.gz,True
GSE57338,sample,GSM1379997,ftp://ftp.ncbi.nlm.nih.gov/geo/samples/GSM1379nnn/GSM1379997/suppl/GSM1379997_C02107_HuGene1.1ST.CEL.gz,True
GSE57338,sample,GSM1379998,ftp://ftp.ncbi.nlm.nih.gov/geo/samples/GSM1379nnn/GSM1379998/suppl/GSM1379998_C02150_HuGene1.1ST.CEL.gz,True
GSE57338,sample,GSM1379999,ftp://ftp.ncbi.nlm.nih.gov/geo/samples/GSM1379nnn/GSM1379999/suppl/GSM1379999_C02152_HuGene1.1ST.CEL.gz,True
GSE57338,sample,GSM1380000,ftp://ftp.ncbi.nlm.nih.gov/geo/samples/GSM1380nnn/GSM1380000/suppl/GSM1380000_C02154_HuGene1.1ST.CEL.gz,True
GSE57338,sample,GSM1380001,ftp://ftp.ncbi.nlm.nih.gov/geo/samples/GSM1380nnn/GSM1380001/suppl/GSM1380001_C02156_HuGene1.1ST.CEL.gz,True
GSE57338,sample,GSM1380002,ftp://ftp.ncbi.nlm.nih.gov/geo/samples/GSM1380nnn/GSM1380002/suppl/GSM1380002_C02157_HuGene1.1ST.CEL.gz,True
GSE57338,sample,GSM1380003,ftp://ftp.ncbi.nlm.nih.gov/geo/samples/GSM1380nnn/GSM1380003/suppl/GSM1380003_C02158_HuGene1.1ST.CEL.gz,True
GSE57338,sample,GSM1380004,ftp://ftp.ncbi.nlm.nih.gov/geo/samples/GSM1380nnn/GSM1380004/suppl/GSM1380004_C02168_HuGene1.1ST.CEL.gz,True
GSE57338,sample,GSM1380005,ftp://ftp.ncbi.nlm.nih.gov/geo/samples/GSM1380nnn/GSM1380005/suppl/GSM1380005_C02170_HuGene1.1ST.CEL.gz,True
GSE57338,sample,GSM1380006,ftp://ftp.ncbi.nlm.nih.gov/geo/samples/GSM1380nnn/GSM1380006/suppl/GSM1380006_C02172_HuGene1.1ST.CEL.gz,True
GSE57338,sample,GSM1380007,ftp://ftp.ncbi.nlm.nih.gov/geo/samples/GSM1380nnn/GSM1380007/suppl/GSM1380007_C02174_HuGene1.1ST.CEL.gz,True
GSE57338,sample,GSM1380008,ftp://ftp.ncbi.nlm.nih.gov/geo/samples/GSM1380nnn/GSM1380008/suppl/GSM1380008_P00331_HuGene1.1ST.CEL.gz,True
GSE57338,sample,GSM1380009,ftp://ftp.ncbi.nlm.nih.gov/geo/samples/GSM1380nnn/GSM1380009/suppl/GSM1380009_P00226_HuGene1.1ST.CEL.gz,True
GSE57338,sample,GSM1380010,ftp://ftp.ncbi.nlm.nih.gov/geo/samples/GSM1380nnn/GSM1380010/suppl/GSM1380010_P00365_HuGene1.1ST.CEL.gz,True
GSE57338,sample,GSM1380011,ftp://ftp.ncbi.nlm.nih.gov/geo/samples/GSM1380nnn/GSM1380011/suppl/GSM1380011_P00325_HuGene1.1ST.CEL.gz,True
GSE57338,sample,GSM1380012,ftp://ftp.ncbi.nlm.nih.gov/geo/samples/GSM1380nnn/GSM1380012/suppl/GSM1380012_P00381_HuGene1.1ST.CEL.gz,True
GSE57338,sample,GSM1380013,ftp://ftp.ncbi.nlm.nih.gov/geo/samples/GSM1380nnn/GSM1380013/suppl/GSM1380013_P00477_HuGene1.1ST.CEL.gz,True
GSE57338,sample,GSM1380014,ftp://ftp.ncbi.nlm.nih.gov/geo/samples/GSM1380nnn/GSM1380014/suppl/GSM1380014_P00490_HuGene1.1ST.CEL.gz,True
GSE57338,sample,GSM1380015,ftp://ftp.ncbi.nlm.nih.gov/geo/samples/GSM1380nnn/GSM1380015/suppl/GSM1380015_P00497_HuGene1.1ST.CEL.gz,True
GSE57338,sample,GSM1380016,ftp://ftp.ncbi.nlm.nih.gov/geo/samples/GSM1380nnn/GSM1380016/suppl/GSM1380016_P00307_HuGene1.1ST.CEL.gz,True
GSE57338,sample,GSM1380017,ftp://ftp.ncbi.nlm.nih.gov/geo/samples/GSM1380nnn/GSM1380017/suppl/GSM1380017_P00003_HuGene1.1ST.CEL.gz,True
GSE57338,sample,GSM1380018,ftp://ftp.ncbi.nlm.nih.gov/geo/samples/GSM1380nnn/GSM1380018/suppl/GSM1380018_C02037_HuGene1.1ST.CEL.gz,True
GSE57338,sample,GSM1380019,ftp://ftp.ncbi.nlm.nih.gov/geo/samples/GSM1380nnn/GSM1380019/suppl/GSM1380019_C02193_HuGene1.1ST.CEL.gz,True
GSE57338,sample,GSM1380020,ftp://ftp.ncbi.nlm.nih.gov/geo/samples/GSM1380nnn/GSM1380020/suppl/GSM1380020_C01957_HuGene1.1ST.CEL.gz,True
GSE57338,sample,GSM1380021,ftp://ftp.ncbi.nlm.nih.gov/geo/samples/GSM1380nnn/GSM1380021/suppl/GSM1380021_P00322_HuGene1.1ST.CEL.gz,True
GSE57338,sample,GSM1380022,ftp://ftp.ncbi.nlm.nih.gov/geo/samples/GSM1380nnn/GSM1380022/suppl/GSM1380022_C02190_HuGene1.1ST.CEL.gz,True
GSE57338,sample,GSM1380023,ftp://ftp.ncbi.nlm.nih.gov/geo/samples/GSM1380nnn/GSM1380023/suppl/GSM1380023_C02038_HuGene1.1ST.CEL.gz,True
GSE57338,sample,GSM1380024,ftp://ftp.ncbi.nlm.nih.gov/geo/samples/GSM1380nnn/GSM1380024/suppl/GSM1380024_C02440_HuGene1.1ST.CEL.gz,True
GSE57338,sample,GSM1380025,ftp://ftp.ncbi.nlm.nih.gov/geo/samples/GSM1380nnn/GSM1380025/suppl/GSM1380025_C02454_HuGene1.1ST.CEL.gz,True
GSE57338,sample,GSM1380026,ftp://ftp.ncbi.nlm.nih.gov/geo/samples/GSM1380nnn/GSM1380026/suppl/GSM1380026_P01081_HuGene1.1ST.CEL.gz,True
GSE57338,sample,GSM1380027,ftp://ftp.ncbi.nlm.nih.gov/geo/samples/GSM1380nnn/GSM1380027/suppl/GSM1380027_P01121_HuGene1.1ST.CEL.gz,True
GSE57338,sample,GSM1380028,ftp://ftp.ncbi.nlm.nih.gov/geo/samples/GSM1380nnn/GSM1380028/suppl/GSM1380028_P01050_HuGene1.1ST.CEL.gz,True
GSE57338,sample,GSM1380029,ftp://ftp.ncbi.nlm.nih.gov/geo/samples/GSM1380nnn/GSM1380029/suppl/GSM1380029_P01012_HuGene1.1ST.CEL.gz,True
GSE57338,sample,GSM1380030,ftp://ftp.ncbi.nlm.nih.gov/geo/samples/GSM1380nnn/GSM1380030/suppl/GSM1380030_P01064_HuGene1.1ST.CEL.gz,True
GSE57338,sample,GSM1380031,ftp://ftp.ncbi.nlm.nih.gov/geo/samples/GSM1380nnn/GSM1380031/suppl/GSM1380031_P01194_HuGene1.1ST.CEL.gz,True
GSE57338,sample,GSM1380032,ftp://ftp.ncbi.nlm.nih.gov/geo/samples/GSM1380nnn/GSM1380032/suppl/GSM1380032_P01075_HuGene1.1ST.CEL.gz,True
GSE57338,sample,GSM1380033,ftp://ftp.ncbi.nlm.nih.gov/geo/samples/GSM1380nnn/GSM1380033/suppl/GSM1380033_P01118_HuGene1.1ST.CEL.gz,True
GSE57338,sample,GSM1380034,ftp://ftp.ncbi.nlm.nih.gov/geo/samples/GSM1380nnn/GSM1380034/suppl/GSM1380034_P01141_HuGene1.1ST.CEL.gz,True
GSE57338,sample,GSM1380035,ftp://ftp.ncbi.nlm.nih.gov/geo/samples/GSM1380nnn/GSM1380035/suppl/GSM1380035_P01072_HuGene1.1ST.CEL.gz,True
GSE57338,sample,GSM1380036,ftp://ftp.ncbi.nlm.nih.gov/geo/samples/GSM1380nnn/GSM1380036/suppl/GSM1380036_P01108_HuGene1.1ST.CEL.gz,True
GSE57338,sample,GSM1380037,ftp://ftp.ncbi.nlm.nih.gov/geo/samples/GSM1380nnn/GSM1380037/suppl/GSM1380037_P01019_HuGene1.1ST.CEL.gz,True
GSE57338,sample,GSM1380038,ftp://ftp.ncbi.nlm.nih.gov/geo/samples/GSM1380nnn/GSM1380038/suppl/GSM1380038_P01179_HuGene1.1ST.CEL.gz,True
GSE57338,sample,GSM1380039,ftp://ftp.ncbi.nlm.nih.gov/geo/samples/GSM1380nnn/GSM1380039/suppl/GSM1380039_P01055_HuGene1.1ST.CEL.gz,True
GSE57338,sample,GSM1380040,ftp://ftp.ncbi.nlm.nih.gov/geo/samples/GSM1380nnn/GSM1380040/suppl/GSM1380040_P00043_HuGene1.1ST.CEL.gz,True
GSE57338,sample,GSM1380041,ftp://ftp.ncbi.nlm.nih.gov/geo/samples/GSM1380nnn/GSM1380041/suppl/GSM1380041_P00059_HuGene1.1ST.CEL.gz,True
GSE57338,sample,GSM1380042,ftp://ftp.ncbi.nlm.nih.gov/geo/samples/GSM1380nnn/GSM1380042/suppl/GSM1380042_P00062_HuGene1.1ST.CEL.gz,True
GSE57338,sample,GSM1380043,ftp://ftp.ncbi.nlm.nih.gov/geo/samples/GSM1380nnn/GSM1380043/suppl/GSM1380043_P00069_HuGene1.1ST.CEL.gz,True
GSE57338,sample,GSM1380044,ftp://ftp.ncbi.nlm.nih.gov/geo/samples/GSM1380nnn/GSM1380044/suppl/GSM1380044_P00073_HuGene1.1ST.CEL.gz,True
GSE57338,sample,GSM1380045,ftp://ftp.ncbi.nlm.nih.gov/geo/samples/GSM1380nnn/GSM1380045/suppl/GSM1380045_P00080_HuGene1.1ST.CEL.gz,True
GSE57338,sample,GSM1380046,ftp://ftp.ncbi.nlm.nih.gov/geo/samples/GSM1380nnn/GSM1380046/suppl/GSM1380046_P00082_HuGene1.1ST.CEL.gz,True
GSE57338,sample,GSM1380047,ftp://ftp.ncbi.nlm.nih.gov/geo/samples/GSM1380nnn/GSM1380047/suppl/GSM1380047_P00086_HuGene1.1ST.CEL.gz,True
GSE57338,sample,GSM1380048,ftp://ftp.ncbi.nlm.nih.gov/geo/samples/GSM1380nnn/GSM1380048/suppl/GSM1380048_P00090_HuGene1.1ST.CEL.gz,True
GSE57338,sample,GSM1380049,ftp://ftp.ncbi.nlm.nih.gov/geo/samples/GSM1380nnn/GSM1380049/suppl/GSM1380049_P00092_HuGene1.1ST.CEL.gz,True
GSE57338,sample,GSM1380050,ftp://ftp.ncbi.nlm.nih.gov/geo/samples/GSM1380nnn/GSM1380050/suppl/GSM1380050_P00093_HuGene1.1ST.CEL.gz,True
GSE57338,sample,GSM1380051,ftp://ftp.ncbi.nlm.nih.gov/geo/samples/GSM1380nnn/GSM1380051/suppl/GSM1380051_P00115_HuGene1.1ST.CEL.gz,True
GSE57338,sample,GSM1380052,ftp://ftp.ncbi.nlm.nih.gov/geo/samples/GSM1380nnn/GSM1380052/suppl/GSM1380052_P00116_HuGene1.1ST.CEL.gz,True
GSE57338,sample,GSM1380053,ftp://ftp.ncbi.nlm.nih.gov/geo/samples/GSM1380nnn/GSM1380053/suppl/GSM1380053_P00127_HuGene1.1ST.CEL.gz,True
GSE57338,sample,GSM1380054,ftp://ftp.ncbi.nlm.nih.gov/geo/samples/GSM1380nnn/GSM1380054/suppl/GSM1380054_P00130_HuGene1.1ST.CEL.gz,True
GSE57338,sample,GSM1380055,ftp://ftp.ncbi.nlm.nih.gov/geo/samples/GSM1380nnn/GSM1380055/suppl/GSM1380055_P00134_HuGene1.1ST.CEL.gz,True
GSE57338,sample,GSM1380056,ftp://ftp.ncbi.nlm.nih.gov/geo/samples/GSM1380nnn/GSM1380056/suppl/GSM1380056_P00136_HuGene1.1ST.CEL.gz,True
GSE57338,sample,GSM1380057,ftp://ftp.ncbi.nlm.nih.gov/geo/samples/GSM1380nnn/GSM1380057/suppl/GSM1380057_P00140_HuGene1.1ST.CEL.gz,True
GSE57338,sample,GSM1380058,ftp://ftp.ncbi.nlm.nih.gov/geo/samples/GSM1380nnn/GSM1380058/suppl/GSM1380058_P00141_HuGene1.1ST.CEL.gz,True
GSE57338,sample,GSM1380059,ftp://ftp.ncbi.nlm.nih.gov/geo/samples/GSM1380nnn/GSM1380059/suppl/GSM1380059_P00143_HuGene1.1ST.CEL.gz,True
GSE57338,sample,GSM1380060,ftp://ftp.ncbi.nlm.nih.gov/geo/samples/GSM1380nnn/GSM1380060/suppl/GSM1380060_P00145_HuGene1.1ST.CEL.gz,True
GSE57338,sample,GSM1380061,ftp://ftp.ncbi.nlm.nih.gov/geo/samples/GSM1380nnn/GSM1380061/suppl/GSM1380061_P00146_HuGene1.1ST.CEL.gz,True
GSE57338,sample,GSM1380062,ftp://ftp.ncbi.nlm.nih.gov/geo/samples/GSM1380nnn/GSM1380062/suppl/GSM1380062_P00147_HuGene1.1ST.CEL.gz,True
GSE57338,sample,GSM1380063,ftp://ftp.ncbi.nlm.nih.gov/geo/samples/GSM1380nnn/GSM1380063/suppl/GSM1380063_P00149_HuGene1.1ST.CEL.gz,True
GSE57338,sample,GSM1380064,ftp://ftp.ncbi.nlm.nih.gov/geo/samples/GSM1380nnn/GSM1380064/suppl/GSM1380064_P00150_HuGene1.1ST.CEL.gz,True
GSE57338,sample,GSM1380065,ftp://ftp.ncbi.nlm.nih.gov/geo/samples/GSM1380nnn/GSM1380065/suppl/GSM1380065_P00153_HuGene1.1ST.CEL.gz,True
GSE57338,sample,GSM1380066,ftp://ftp.ncbi.nlm.nih.gov/geo/samples/GSM1380nnn/GSM1380066/suppl/GSM1380066_P00158_HuGene1.1ST.CEL.gz,True
GSE57338,sample,GSM1380067,ftp://ftp.ncbi.nlm.nih.gov/geo/samples/GSM1380nnn/GSM1380067/suppl/GSM1380067_P00162_HuGene1.1ST.CEL.gz,True
GSE57338,sample,GSM1380068,ftp://ftp.ncbi.nlm.nih.gov/geo/samples/GSM1380nnn/GSM1380068/suppl/GSM1380068_P00177_HuGene1.1ST.CEL.gz,True
GSE57338,sample,GSM1380069,ftp://ftp.ncbi.nlm.nih.gov/geo/samples/GSM1380nnn/GSM1380069/suppl/GSM1380069_P00187_HuGene1.1ST.CEL.gz,True
GSE57338,sample,GSM1380070,ftp://ftp.ncbi.nlm.nih.gov/geo/samples/GSM1380nnn/GSM1380070/suppl/GSM1380070_P00201_HuGene1.1ST.CEL.gz,True
GSE57338,sample,GSM1380071,ftp://ftp.ncbi.nlm.nih.gov/geo/samples/GSM1380nnn/GSM1380071/suppl/GSM1380071_P00202_HuGene1.1ST.CEL.gz,True
GSE57338,sample,GSM1380072,ftp://ftp.ncbi.nlm.nih.gov/geo/samples/GSM1380nnn/GSM1380072/suppl/GSM1380072_P00204_HuGene1.1ST.CEL.gz,True
GSE57338,sample,GSM1380073,ftp://ftp.ncbi.nlm.nih.gov/geo/samples/GSM1380nnn/GSM1380073/suppl/GSM1380073_P00206_HuGene1.1ST.CEL.gz,True
GSE57338,sample,GSM1380074,ftp://ftp.ncbi.nlm.nih.gov/geo/samples/GSM1380nnn/GSM1380074/suppl/GSM1380074_P00207_HuGene1.1ST.CEL.gz,True
GSE57338,sample,GSM1380075,ftp://ftp.ncbi.nlm.nih.gov/geo/samples/GSM1380nnn/GSM1380075/suppl/GSM1380075_P00208_HuGene1.1ST.CEL.gz,True
GSE57338,sample,GSM1380076,ftp://ftp.ncbi.nlm.nih.gov/geo/samples/GSM1380nnn/GSM1380076/suppl/GSM1380076_P00123_HuGene1.1ST.CEL.gz,True
GSE57338,sample,GSM1380077,ftp://ftp.ncbi.nlm.nih.gov/geo/samples/GSM1380nnn/GSM1380077/suppl/GSM1380077_P00215_HuGene1.1ST.CEL.gz,True
GSE57338,sample,GSM1380078,ftp://ftp.ncbi.nlm.nih.gov/geo/samples/GSM1380nnn/GSM1380078/suppl/GSM1380078_P00227_HuGene1.1ST.CEL.gz,True
GSE57338,sample,GSM1380079,ftp://ftp.ncbi.nlm.nih.gov/geo/samples/GSM1380nnn/GSM1380079/suppl/GSM1380079_P00228_HuGene1.1ST.CEL.gz,True
GSE57338,sample,GSM1380080,ftp://ftp.ncbi.nlm.nih.gov/geo/samples/GSM1380nnn/GSM1380080/suppl/GSM1380080_P00229_HuGene1.1ST.CEL.gz,True
GSE57338,sample,GSM1380081,ftp://ftp.ncbi.nlm.nih.gov/geo/samples/GSM1380nnn/GSM1380081/suppl/GSM1380081_P00234_HuGene1.1ST.CEL.gz,True
GSE57338,sample,GSM1380082,ftp://ftp.ncbi.nlm.nih.gov/geo/samples/GSM1380nnn/GSM1380082/suppl/GSM1380082_P00245_HuGene1.1ST.CEL.gz,True
GSE57338,sample,GSM1380083,ftp://ftp.ncbi.nlm.nih.gov/geo/samples/GSM1380nnn/GSM1380083/suppl/GSM1380083_P00251_HuGene1.1ST.CEL.gz,True
GSE57338,sample,GSM1380084,ftp://ftp.ncbi.nlm.nih.gov/geo/samples/GSM1380nnn/GSM1380084/suppl/GSM1380084_P00265_HuGene1.1ST.CEL.gz,True
GSE57338,sample,GSM1380085,ftp://ftp.ncbi.nlm.nih.gov/geo/samples/GSM1380nnn/GSM1380085/suppl/GSM1380085_P00268_HuGene1.1ST.CEL.gz,True
GSE57338,sample,GSM1380086,ftp://ftp.ncbi.nlm.nih.gov/geo/samples/GSM1380nnn/GSM1380086/suppl/GSM1380086_P00271_HuGene1.1ST.CEL.gz,True
GSE57338,sample,GSM1380087,ftp://ftp.ncbi.nlm.nih.gov/geo/samples/GSM1380nnn/GSM1380087/suppl/GSM1380087_P00273_HuGene1.1ST.CEL.gz,True
GSE57338,sample,GSM1380088,ftp://ftp.ncbi.nlm.nih.gov/geo/samples/GSM1380nnn/GSM1380088/suppl/GSM1380088_P00283_HuGene1.1ST.CEL.gz,True
GSE57338,sample,GSM1380089,ftp://ftp.ncbi.nlm.nih.gov/geo/samples/GSM1380nnn/GSM1380089/suppl/GSM1380089_P00286_HuGene1.1ST.CEL.gz,True
GSE57338,sample,GSM1380090,ftp://ftp.ncbi.nlm.nih.gov/geo/samples/GSM1380nnn/GSM1380090/suppl/GSM1380090_P00290_HuGene1.1ST.CEL.gz,True
GSE57338,sample,GSM1380091,ftp://ftp.ncbi.nlm.nih.gov/geo/samples/GSM1380nnn/GSM1380091/suppl/GSM1380091_P00292_HuGene1.1ST.CEL.gz,True
GSE57338,sample,GSM1380092,ftp://ftp.ncbi.nlm.nih.gov/geo/samples/GSM1380nnn/GSM1380092/suppl/GSM1380092_P00296_HuGene1.1ST.CEL.gz,True
GSE57338,sample,GSM1380093,ftp://ftp.ncbi.nlm.nih.gov/geo/samples/GSM1380nnn/GSM1380093/suppl/GSM1380093_P00302_HuGene1.1ST.CEL.gz,True
GSE57338,sample,GSM1380094,ftp://ftp.ncbi.nlm.nih.gov/geo/samples/GSM1380nnn/GSM1380094/suppl/GSM1380094_P00308_HuGene1.1ST.CEL.gz,True
GSE57338,sample,GSM1380095,ftp://ftp.ncbi.nlm.nih.gov/geo/samples/GSM1380nnn/GSM1380095/suppl/GSM1380095_P00317_HuGene1.1ST.CEL.gz,True
GSE57338,sample,GSM1380096,ftp://ftp.ncbi.nlm.nih.gov/geo/samples/GSM1380nnn/GSM1380096/suppl/GSM1380096_P00319_HuGene1.1ST.CEL.gz,True
GSE57338,sample,GSM1380097,ftp://ftp.ncbi.nlm.nih.gov/geo/samples/GSM1380nnn/GSM1380097/suppl/GSM1380097_P00323_HuGene1.1ST.CEL.gz,True
GSE57338,sample,GSM1380098,ftp://ftp.ncbi.nlm.nih.gov/geo/samples/GSM1380nnn/GSM1380098/suppl/GSM1380098_P00337_HuGene1.1ST.CEL.gz,True
GSE57338,sample,GSM1380099,ftp://ftp.ncbi.nlm.nih.gov/geo/samples/GSM1380nnn/GSM1380099/suppl/GSM1380099_P00348_HuGene1.1ST.CEL.gz,True
GSE57338,sample,GSM1380100,ftp://ftp.ncbi.nlm.nih.gov/geo/samples/GSM1380nnn/GSM1380100/suppl/GSM1380100_P00353_HuGene1.1ST.CEL.gz,True
GSE57338,sample,GSM1380101,ftp://ftp.ncbi.nlm.nih.gov/geo/samples/GSM1380nnn/GSM1380101/suppl/GSM1380101_P00389_HuGene1.1ST.CEL.gz,True
GSE57338,sample,GSM1380102,ftp://ftp.ncbi.nlm.nih.gov/geo/samples/GSM1380nnn/GSM1380102/suppl/GSM1380102_P00333_HuGene1.1ST.CEL.gz,True
GSE57338,sample,GSM1380103,ftp://ftp.ncbi.nlm.nih.gov/geo/samples/GSM1380nnn/GSM1380103/suppl/GSM1380103_P00347_HuGene1.1ST.CEL.gz,True
GSE57338,sample,GSM1380104,ftp://ftp.ncbi.nlm.nih.gov/geo/samples/GSM1380nnn/GSM1380104/suppl/GSM1380104_P00418_HuGene1.1ST.CEL.gz,True
GSE57338,sample,GSM1380105,ftp://ftp.ncbi.nlm.nih.gov/geo/samples/GSM1380nnn/GSM1380105/suppl/GSM1380105_P00182_HuGene1.1ST.CEL.gz,True
GSE57338,sample,GSM1380106,ftp://ftp.ncbi.nlm.nih.gov/geo/samples/GSM1380nnn/GSM1380106/suppl/GSM1380106_P00189_HuGene1.1ST.CEL.gz,True
GSE57338,sample,GSM1380107,ftp://ftp.ncbi.nlm.nih.gov/geo/samples/GSM1380nnn/GSM1380107/suppl/GSM1380107_P00219_HuGene1.1ST.CEL.gz,True
GSE57338,sample,GSM1380108,ftp://ftp.ncbi.nlm.nih.gov/geo/samples/GSM1380nnn/GSM1380108/suppl/GSM1380108_P00239_HuGene1.1ST.CEL.gz,True
GSE57338,sample,GSM1380109,ftp://ftp.ncbi.nlm.nih.gov/geo/samples/GSM1380nnn/GSM1380109/suppl/GSM1380109_P00240_HuGene1.1ST.CEL.gz,True
GSE57338,sample,GSM1380110,ftp://ftp.ncbi.nlm.nih.gov/geo/samples/GSM1380nnn/GSM1380110/suppl/GSM1380110_P00242_HuGene1.1ST.CEL.gz,True
GSE57338,sample,GSM1380111,ftp://ftp.ncbi.nlm.nih.gov/geo/samples/GSM1380nnn/GSM1380111/suppl/GSM1380111_P00248_HuGene1.1ST.CEL.gz,True
GSE57338,sample,GSM1380112,ftp://ftp.ncbi.nlm.nih.gov/geo/samples/GSM1380nnn/GSM1380112/suppl/GSM1380112_P00266_HuGene1.1ST.CEL.gz,True
GSE57338,sample,GSM1380113,ftp://ftp.ncbi.nlm.nih.gov/geo/samples/GSM1380nnn/GSM1380113/suppl/GSM1380113_P00267_HuGene1.1ST.CEL.gz,True
GSE57338,sample,GSM1380114,ftp://ftp.ncbi.nlm.nih.gov/geo/samples/GSM1380nnn/GSM1380114/suppl/GSM1380114_P00275_HuGene1.1ST.CEL.gz,True
GSE57338,sample,GSM1380115,ftp://ftp.ncbi.nlm.nih.gov/geo/samples/GSM1380nnn/GSM1380115/suppl/GSM1380115_P00278_HuGene1.1ST.CEL.gz,True
GSE57338,sample,GSM1380116,ftp://ftp.ncbi.nlm.nih.gov/geo/samples/GSM1380nnn/GSM1380116/suppl/GSM1380116_P00280_HuGene1.1ST.CEL.gz,True
GSE57338,sample,GSM1380117,ftp://ftp.ncbi.nlm.nih.gov/geo/samples/GSM1380nnn/GSM1380117/suppl/GSM1380117_P00282_HuGene1.1ST.CEL.gz,True
GSE57338,sample,GSM1380118,ftp://ftp.ncbi.nlm.nih.gov/geo/samples/GSM1380nnn/GSM1380118/suppl/GSM1380118_P00315_HuGene1.1ST.CEL.gz,True
GSE57338,sample,GSM1380119,ftp://ftp.ncbi.nlm.nih.gov/geo/samples/GSM1380nnn/GSM1380119/suppl/GSM1380119_P00205_HuGene1.1ST.CEL.gz,True
GSE57338,sample,GSM1380120,ftp://ftp.ncbi.nlm.nih.gov/geo/samples/GSM1380nnn/GSM1380120/suppl/GSM1380120_C02093_HuGene1.1ST.CEL.gz,True
GSE57338,sample,GSM1380121,ftp://ftp.ncbi.nlm.nih.gov/geo/samples/GSM1380nnn/GSM1380121/suppl/GSM1380121_P01104_HuGene1.1ST.CEL.gz,True
GSE57338,sample,GSM1380122,ftp://ftp.ncbi.nlm.nih.gov/geo/samples/GSM1380nnn/GSM1380122/suppl/GSM1380122_P01245_HuGene1.1ST.CEL.gz,True
GSE57338,sample,GSM1380123,ftp://ftp.ncbi.nlm.nih.gov/geo/samples/GSM1380nnn/GSM1380123/suppl/GSM1380123_P01270_HuGene1.1ST.CEL.gz,True
GSE57338,sample,GSM1380124,ftp://ftp.ncbi.nlm.nih.gov/geo/samples/GSM1380nnn/GSM1380124/suppl/GSM1380124_P01105_HuGene1.1ST.CEL.gz,True
