gse_id,level,gsm_id,file_url_or_value
GSE36961,series,,ftp://ftp.ncbi.nlm.nih.gov/geo/series/GSE36nnn/GSE36961/suppl/GSE36961_non-normalized.txt.gz
GSE36961,sample,GSM907203,NONE
GSE36961,sample,GSM907204,NONE
GSE36961,sample,GSM907205,NONE
GSE36961,sample,GSM907206,NONE
GSE36961,sample,GSM907207,NONE
GSE36961,sample,GSM907208,NONE
GSE36961,sample,GSM907209,NONE
GSE36961,sample,GSM907210,NONE
GSE36961,sample,GSM907211,NONE
GSE36961,sample,GSM907212,NONE
GSE36961,sample,GSM907213,NONE
GSE36961,sample,GSM907214,NONE
GSE36961,sample,GSM907215,NONE
GSE36961,sample,GSM907216,NONE
GSE36961,sample,GSM907217,NONE
GSE36961,sample,GSM907218,NONE
GSE36961,sample,GSM907219,NONE
GSE36961,sample,GSM907220,NONE
GSE36961,sample,GSM907221,NONE
GSE36961,sample,GSM907222,NONE
GSE36961,sample,GSM907223,NONE
GSE36961,sample,GSM907224,NONE
GSE36961,sample,GSM907225,NONE
GSE36961,sample,GSM907226,NONE
GSE36961,sample,GSM907227,NONE
GSE36961,sample,GSM907228,NONE
GSE36961,sample,GSM907229,NONE
GSE36961,sample,GSM907230,NONE
GSE36961,sample,GSM907231,NONE
GSE36961,sample,GSM907232,NONE
GSE36961,sample,GSM907233,NONE
GSE36961,sample,GSM907234,NONE
GSE36961,sample,GSM907235,NONE
GSE36961,sample,GSM907236,NONE
GSE36961,sample,GSM907237,NONE
GSE36961,sample,GSM907238,NONE
GSE36961,sample,GSM907239,NONE
GSE36961,sample,GSM907240,NONE
GSE36961,sample,GSM907241,NONE
GSE36961,sample,GSM907242,NONE
GSE36961,sample,GSM907243,NONE
GSE36961,sample,GSM907244,NONE
GSE36961,sample,GSM907245,NONE
GSE36961,sample,GSM907246,NONE
GSE36961,sample,GSM907247,NONE
GSE36961,sample,GSM907248,NONE
GSE36961,sample,GSM907249,NONE
GSE36961,sample,GSM907250,NONE
GSE36961,sample,GSM907251,NONE
GSE36961,sample,GSM907252,NONE
GSE36961,sample,GSM907253,NONE
GSE36961,sample,GSM907254,NONE
GSE36961,sample,GSM907255,NONE
GSE36961,sample,GSM907256,NONE
GSE36961,sample,GSM907257,NONE
GSE36961,sample,GSM907258,NONE
GSE36961,sample,GSM907259,NONE
GSE36961,sample,GSM907260,NONE
GSE36961,sample,GSM907261,NONE
GSE36961,sample,GSM907262,NONE
GSE36961,sample,GSM907263,NONE
GSE36961,sample,GSM907264,NONE
GSE36961,sample,GSM907265,NONE
GSE36961,sample,GSM907266,NONE
GSE36961,sample,GSM907267,NONE
GSE36961,sample,GSM907268,NONE
GSE36961,sample,GSM907269,NONE
GSE36961,sample,GSM907270,NONE
GSE36961,sample,GSM907271,NONE
GSE36961,sample,GSM907272,NONE
GSE36961,sample,GSM907273,NONE
GSE36961,sample,GSM907274,NONE
GSE36961,sample,GSM907275,NONE
GSE36961,sample,GSM907276,NONE
GSE36961,sample,GSM907277,NONE
GSE36961,sample,GSM907278,NONE
GSE36961,sample,GSM907279,NONE
GSE36961,sample,GSM907280,NONE
GSE36961,sample,GSM907281,NONE
GSE36961,sample,GSM907282,NONE
GSE36961,sample,GSM907283,NONE
GSE36961,sample,GSM907284,NONE
GSE36961,sample,GSM907285,NONE
GSE36961,sample,GSM907286,NONE
GSE36961,sample,GSM907287,NONE
GSE36961,sample,GSM907288,NONE
GSE36961,sample,GSM907289,NONE
GSE36961,sample,GSM907290,NONE
GSE36961,sample,GSM907291,NONE
GSE36961,sample,GSM907292,NONE
GSE36961,sample,GSM907293,NONE
GSE36961,sample,GSM907294,NONE
GSE36961,sample,GSM907295,NONE
GSE36961,sample,GSM907296,NONE
GSE36961,sample,GSM907297,NONE
GSE36961,sample,GSM907298,NONE
GSE36961,sample,GSM907299,NONE
GSE36961,sample,GSM907300,NONE
GSE36961,sample,GSM907301,NONE
GSE36961,sample,GSM907302,NONE
GSE36961,sample,GSM907303,NONE
GSE36961,sample,GSM907304,NONE
GSE36961,sample,GSM907305,NONE
GSE36961,sample,GSM907306,NONE
GSE36961,sample,GSM907307,NONE
GSE36961,sample,GSM907308,NONE
GSE36961,sample,GSM907309,NONE
GSE36961,sample,GSM907310,NONE
GSE36961,sample,GSM907311,NONE
GSE36961,sample,GSM907312,NONE
GSE36961,sample,GSM907313,NONE
GSE36961,sample,GSM907314,NONE
GSE36961,sample,GSM907315,NONE
GSE36961,sample,GSM907316,NONE
GSE36961,sample,GSM907317,NONE
GSE36961,sample,GSM907318,NONE
GSE36961,sample,GSM907319,NONE
GSE36961,sample,GSM907320,NONE
GSE36961,sample,GSM907321,NONE
GSE36961,sample,GSM907322,NONE
GSE36961,sample,GSM907323,NONE
GSE36961,sample,GSM907324,NONE
GSE36961,sample,GSM907325,NONE
GSE36961,sample,GSM907326,NONE
GSE36961,sample,GSM907327,NONE
GSE36961,sample,GSM907328,NONE
GSE36961,sample,GSM907329,NONE
GSE36961,sample,GSM907330,NONE
GSE36961,sample,GSM907331,NONE
GSE36961,sample,GSM907332,NONE
GSE36961,sample,GSM907333,NONE
GSE36961,sample,GSM907334,NONE
GSE36961,sample,GSM907335,NONE
GSE36961,sample,GSM907336,NONE
GSE36961,sample,GSM907337,NONE
GSE36961,sample,GSM907338,NONE
GSE36961,sample,GSM907339,NONE
GSE36961,sample,GSM907340,NONE
GSE36961,sample,GSM907341,NONE
GSE36961,sample,GSM907342,NONE
GSE36961,sample,GSM907343,NONE
GSE36961,sample,GSM907344,NONE
GSE36961,sample,GSM907345,NONE
GSE36961,sample,GSM907346,NONE
GSE36961,sample,GSM907347,NONE
GSE249925,series,,ftp://ftp.ncbi.nlm.nih.gov/geo/series/GSE249nnn/GSE249925/suppl/GSE249925_20231208-For-GEO-Raw-Counts.tsv.gz
GSE249925,sample,GSM7967163,NONE
GSE249925,sample,GSM7967164,NONE
GSE249925,sample,GSM7967165,NONE
GSE249925,sample,GSM7967166,NONE
GSE249925,sample,GSM7967167,NONE
GSE249925,sample,GSM7967168,NONE
GSE249925,sample,GSM7967169,NONE
GSE249925,sample,GSM7967170,NONE
GSE249925,sample,GSM7967171,NONE
GSE249925,sample,GSM7967172,NONE
GSE249925,sample,GSM7967173,NONE
GSE249925,sample,GSM7967174,NONE
GSE249925,sample,GSM7967175,NONE
GSE249925,sample,GSM7967176,NONE
GSE249925,sample,GSM7967177,NONE
GSE249925,sample,GSM7967178,NONE
GSE249925,sample,GSM7967179,NONE
GSE249925,sample,GSM7967180,NONE
GSE249925,sample,GSM7967181,NONE
GSE249925,sample,GSM7967182,NONE
GSE249925,sample,GSM7967183,NONE
GSE249925,sample,GSM7967184,NONE
GSE249925,sample,GSM7967185,NONE
GSE249925,sample,GSM7967186,NONE
GSE249925,sample,GSM7967187,NONE
GSE249925,sample,GSM7967188,NONE
GSE249925,sample,GSM7967189,NONE
GSE249925,sample,GSM7967190,NONE
GSE249925,sample,GSM7967191,NONE
GSE249925,sample,GSM7967192,NONE
GSE249925,sample,GSM7967193,NONE
GSE249925,sample,GSM7967194,NONE
GSE249925,sample,GSM7967195,NONE
GSE249925,sample,GSM7967196,NONE
GSE249925,sample,GSM7967197,NONE
GSE249925,sample,GSM7967198,NONE
GSE249925,sample,GSM7967199,NONE
GSE249925,sample,GSM7967200,NONE
GSE249925,sample,GSM7967201,NONE
GSE249925,sample,GSM7967202,NONE
GSE249925,sample,GSM7967203,NONE
GSE249925,sample,GSM7967204,NONE
GSE249925,sample,GSM7967205,NONE
GSE249925,sample,GSM7967206,NONE
GSE249925,sample,GSM7967207,NONE
GSE249925,sample,GSM7967208,NONE
GSE249925,sample,GSM7967209,NONE
GSE249925,sample,GSM7967210,NONE
GSE249925,sample,GSM7967211,NONE
GSE249925,sample,GSM7967212,NONE
GSE249925,sample,GSM7967213,NONE
GSE249925,sample,GSM7967214,NONE
GSE249925,sample,GSM7967215,NONE
GSE249925,sample,GSM7967216,NONE
GSE249925,sample,GSM7967217,NONE
GSE249925,sample,GSM7967218,NONE
GSE249925,sample,GSM7967219,NONE
GSE249925,sample,GSM7967220,NONE
GSE249925,sample,GSM7967221,NONE
GSE249925,sample,GSM7967222,NONE
GSE249925,sample,GSM7967223,NONE
GSE249925,sample,GSM7967224,NONE
GSE249925,sample,GSM7967225,NONE
GSE249925,sample,GSM7967226,NONE
GSE249925,sample,GSM7967227,NONE
GSE249925,sample,GSM7967228,NONE
GSE249925,sample,GSM7967229,NONE
GSE249925,sample,GSM7967230,NONE
GSE249925,sample,GSM7967231,NONE
GSE249925,sample,GSM7967232,NONE
GSE249925,sample,GSM7967233,NONE
GSE249925,sample,GSM7967234,NONE
GSE249925,sample,GSM7967235,NONE
GSE249925,sample,GSM7967236,NONE
GSE249925,sample,GSM7967237,NONE
GSE249925,sample,GSM7967238,NONE
GSE249925,sample,GSM7967239,NONE
GSE249925,sample,GSM7967240,NONE
GSE249925,sample,GSM7967241,NONE
GSE249925,sample,GSM7967242,NONE
GSE249925,sample,GSM7967243,NONE
GSE249925,sample,GSM7967244,NONE
GSE249925,sample,GSM7967245,NONE
GSE249925,sample,GSM7967246,NONE
GSE249925,sample,GSM7967247,NONE
GSE249925,sample,GSM7967248,NONE
GSE249925,sample,GSM7967249,NONE
GSE249925,sample,GSM7967250,NONE
GSE249925,sample,GSM7967251,NONE
GSE249925,sample,GSM7967252,NONE
GSE249925,sample,GSM7967253,NONE
GSE249925,sample,GSM7967254,NONE
GSE249925,sample,GSM7967255,NONE
GSE249925,sample,GSM7967256,NONE
GSE249925,sample,GSM7967257,NONE
GSE249925,sample,GSM7967258,NONE
GSE249925,sample,GSM7967259,NONE
GSE249925,sample,GSM7967260,NONE
GSE249925,sample,GSM7967261,NONE
GSE249925,sample,GSM7967262,NONE
GSE249925,sample,GSM7967263,NONE
GSE249925,sample,GSM7967264,NONE
GSE249925,sample,GSM7967265,NONE
GSE249925,sample,GSM7967266,NONE
GSE249925,sample,GSM7967267,NONE
GSE249925,sample,GSM7967268,NONE
GSE249925,sample,GSM7967269,NONE
GSE249925,sample,GSM7967270,NONE
GSE249925,sample,GSM7967271,NONE
GSE249925,sample,GSM7967272,NONE
GSE249925,sample,GSM7967273,NONE
GSE249925,sample,GSM7967274,NONE
GSE249925,sample,GSM7967275,NONE
GSE249925,sample,GSM7967276,NONE
GSE249925,sample,GSM7967277,NONE
GSE249925,sample,GSM7967278,NONE
GSE249925,sample,GSM7967279,NONE
GSE249925,sample,GSM7967280,NONE
GSE249925,sample,GSM7967281,NONE
GSE249925,sample,GSM7967282,NONE
GSE141910,series,,ftp://ftp.ncbi.nlm.nih.gov/geo/series/GSE141nnn/GSE141910/suppl/GSE141910_RAW.tar
GSE141910,sample,GSM4215858,NONE
GSE141910,sample,GSM4215859,NONE
GSE141910,sample,GSM4215860,NONE
GSE141910,sample,GSM4215861,NONE
GSE141910,sample,GSM4215862,NONE
GSE141910,sample,GSM4215863,NONE
GSE141910,sample,GSM4215864,NONE
GSE141910,sample,GSM4215865,NONE
GSE141910,sample,GSM4215866,NONE
GSE141910,sample,GSM4215867,NONE
GSE141910,sample,GSM4215868,NONE
GSE141910,sample,GSM4215869,NONE
GSE141910,sample,GSM4215870,NONE
GSE141910,sample,GSM4215871,NONE
GSE141910,sample,GSM4215872,NONE
GSE141910,sample,GSM4215873,NONE
GSE141910,sample,GSM4215874,NONE
GSE141910,sample,GSM4215875,NONE
GSE141910,sample,GSM4215876,NONE
GSE141910,sample,GSM4215877,NONE
GSE141910,sample,GSM4215878,NONE
GSE141910,sample,GSM4215879,NONE
GSE141910,sample,GSM4215880,NONE
GSE141910,sample,GSM4215881,NONE
GSE141910,sample,GSM4215882,NONE
GSE141910,sample,GSM4215883,NONE
GSE141910,sample,GSM4215884,NONE
GSE141910,sample,GSM4215885,NONE
GSE141910,sample,GSM4215886,NONE
GSE141910,sample,GSM4215887,NONE
GSE141910,sample,GSM4215888,NONE
GSE141910,sample,GSM4215889,NONE
GSE141910,sample,GSM4215890,NONE
GSE141910,sample,GSM4215891,NONE
GSE141910,sample,GSM4215892,NONE
GSE141910,sample,GSM4215893,NONE
GSE141910,sample,GSM4215894,NONE
GSE141910,sample,GSM4215895,NONE
GSE141910,sample,GSM4215896,NONE
GSE141910,sample,GSM4215897,NONE
GSE141910,sample,GSM4215898,NONE
GSE141910,sample,GSM4215899,NONE
GSE141910,sample,GSM4215900,NONE
GSE141910,sample,GSM4215901,NONE
GSE141910,sample,GSM4215902,NONE
GSE141910,sample,GSM4215903,NONE
GSE141910,sample,GSM4215904,NONE
GSE141910,sample,GSM4215905,NONE
GSE141910,sample,GSM4215906,NONE
GSE141910,sample,GSM4215907,NONE
GSE141910,sample,GSM4215908,NONE
GSE141910,sample,GSM4215909,NONE
GSE141910,sample,GSM4215910,NONE
GSE141910,sample,GSM4215911,NONE
GSE141910,sample,GSM4215912,NONE
GSE141910,sample,GSM4215913,NONE
GSE141910,sample,GSM4215914,NONE
GSE141910,sample,GSM4215915,NONE
GSE141910,sample,GSM4215916,NONE
GSE141910,sample,GSM4215917,NONE
GSE141910,sample,GSM4215918,NONE
GSE141910,sample,GSM4215919,NONE
GSE141910,sample,GSM4215920,NONE
GSE141910,sample,GSM4215921,NONE
GSE141910,sample,GSM4215922,NONE
GSE141910,sample,GSM4215923,NONE
GSE141910,sample,GSM4215924,NONE
GSE141910,sample,GSM4215925,NONE
GSE141910,sample,GSM4215926,NONE
GSE141910,sample,GSM4215927,NONE
GSE141910,sample,GSM4215928,NONE
GSE141910,sample,GSM4215929,NONE
GSE141910,sample,GSM4215930,NONE
GSE141910,sample,GSM4215931,NONE
GSE141910,sample,GSM4215932,NONE
GSE141910,sample,GSM4215933,NONE
GSE141910,sample,GSM4215934,NONE
GSE141910,sample,GSM4215935,NONE
GSE141910,sample,GSM4215936,NONE
GSE141910,sample,GSM4215937,NONE
GSE141910,sample,GSM4215938,NONE
GSE141910,sample,GSM4215939,NONE
GSE141910,sample,GSM4215940,NONE
GSE141910,sample,GSM4215941,NONE
GSE141910,sample,GSM4215942,NONE
GSE141910,sample,GSM4215943,NONE
GSE141910,sample,GSM4215944,NONE
GSE141910,sample,GSM4215945,NONE
GSE141910,sample,GSM4215946,NONE
GSE141910,sample,GSM4215947,NONE
GSE141910,sample,GSM4215948,NONE
GSE141910,sample,GSM4215949,NONE
GSE141910,sample,GSM4215950,NONE
GSE141910,sample,GSM4215951,NONE
GSE141910,sample,GSM4215952,NONE
GSE141910,sample,GSM4215953,NONE
GSE141910,sample,GSM4215954,NONE
GSE141910,sample,GSM4215955,NONE
GSE141910,sample,GSM4215956,NONE
GSE141910,sample,GSM4215957,NONE
GSE141910,sample,GSM4215958,NONE
GSE141910,sample,GSM4215959,NONE
GSE141910,sample,GSM4215960,NONE
GSE141910,sample,GSM4215961,NONE
GSE141910,sample,GSM4215962,NONE
GSE141910,sample,GSM4215963,NONE
GSE141910,sample,GSM4215964,NONE
GSE141910,sample,GSM4215965,NONE
GSE141910,sample,GSM4215966,NONE
GSE141910,sample,GSM4215967,NONE
GSE141910,sample,GSM4215968,NONE
GSE141910,sample,GSM4215969,NONE
GSE141910,sample,GSM4215970,NONE
GSE141910,sample,GSM4215971,NONE
GSE141910,sample,GSM4215972,NONE
GSE141910,sample,GSM4215973,NONE
GSE141910,sample,GSM4215974,NONE
GSE141910,sample,GSM4215975,NONE
GSE141910,sample,GSM4215976,NONE
GSE141910,sample,GSM4215977,NONE
GSE141910,sample,GSM4215978,NONE
GSE141910,sample,GSM4215979,NONE
GSE141910,sample,GSM4215980,NONE
GSE141910,sample,GSM4215981,NONE
GSE141910,sample,GSM4215982,NONE
GSE141910,sample,GSM4215983,NONE
GSE141910,sample,GSM4215984,NONE
GSE141910,sample,GSM4215985,NONE
GSE141910,sample,GSM4215986,NONE
GSE141910,sample,GSM4215987,NONE
GSE141910,sample,GSM4215988,NONE
GSE141910,sample,GSM4215989,NONE
GSE141910,sample,GSM4215990,NONE
GSE141910,sample,GSM4215991,NONE
GSE141910,sample,GSM4215992,NONE
GSE141910,sample,GSM4215993,NONE
GSE141910,sample,GSM4215994,NONE
GSE141910,sample,GSM4215995,NONE
GSE141910,sample,GSM4215996,NONE
GSE141910,sample,GSM4215997,NONE
GSE141910,sample,GSM4215998,NONE
GSE141910,sample,GSM4215999,NONE
GSE141910,sample,GSM4216000,NONE
GSE141910,sample,GSM4216001,NONE
GSE141910,sample,GSM4216002,NONE
GSE141910,sample,GSM4216003,NONE
GSE141910,sample,GSM4216004,NONE
GSE141910,sample,GSM4216005,NONE
GSE141910,sample,GSM4216006,NONE
GSE141910,sample,GSM4216007,NONE
GSE141910,sample,GSM4216008,NONE
GSE141910,sample,GSM4216009,NONE
GSE141910,sample,GSM4216010,NONE
GSE141910,sample,GSM4216011,NONE
GSE141910,sample,GSM4216012,NONE
GSE141910,sample,GSM4216013,NONE
GSE141910,sample,GSM4216014,NONE
GSE141910,sample,GSM4216015,NONE
GSE141910,sample,GSM4216016,NONE
GSE141910,sample,GSM4216017,NONE
GSE141910,sample,GSM4216018,NONE
GSE141910,sample,GSM4216019,NONE
GSE141910,sample,GSM4216020,NONE
GSE141910,sample,GSM4216021,NONE
GSE141910,sample,GSM4216022,NONE
GSE141910,sample,GSM4216023,NONE
GSE141910,sample,GSM4216024,NONE
GSE141910,sample,GSM4216025,NONE
GSE141910,sample,GSM4216026,NONE
GSE141910,sample,GSM4216027,NONE
GSE141910,sample,GSM4216028,NONE
GSE141910,sample,GSM4216029,NONE
GSE141910,sample,GSM4216030,NONE
GSE141910,sample,GSM4216031,NONE
GSE141910,sample,GSM4216032,NONE
GSE141910,sample,GSM4216033,NONE
GSE141910,sample,GSM4216034,NONE
GSE141910,sample,GSM4216035,NONE
GSE141910,sample,GSM4216036,NONE
GSE141910,sample,GSM4216037,NONE
GSE141910,sample,GSM4216038,NONE
GSE141910,sample,GSM4216039,NONE
GSE141910,sample,GSM4216040,NONE
GSE141910,sample,GSM4216041,NONE
GSE141910,sample,GSM4216042,NONE
GSE141910,sample,GSM4216043,NONE
GSE141910,sample,GSM4216044,NONE
GSE141910,sample,GSM4216045,NONE
GSE141910,sample,GSM4216046,NONE
GSE141910,sample,GSM4216047,NONE
GSE141910,sample,GSM4216048,NONE
GSE141910,sample,GSM4216049,NONE
GSE141910,sample,GSM4216050,NONE
GSE141910,sample,GSM4216051,NONE
GSE141910,sample,GSM4216052,NONE
GSE141910,sample,GSM4216053,NONE
GSE141910,sample,GSM4216054,NONE
GSE141910,sample,GSM4216055,NONE
GSE141910,sample,GSM4216056,NONE
GSE141910,sample,GSM4216057,NONE
GSE141910,sample,GSM4216058,NONE
GSE141910,sample,GSM4216059,NONE
GSE141910,sample,GSM4216060,NONE
GSE141910,sample,GSM4216061,NONE
GSE141910,sample,GSM4216062,NONE
GSE141910,sample,GSM4216063,NONE
GSE141910,sample,GSM4216064,NONE
GSE141910,sample,GSM4216065,NONE
GSE141910,sample,GSM4216066,NONE
GSE141910,sample,GSM4216067,NONE
GSE141910,sample,GSM4216068,NONE
GSE141910,sample,GSM4216069,NONE
GSE141910,sample,GSM4216070,NONE
GSE141910,sample,GSM4216071,NONE
GSE141910,sample,GSM4216072,NONE
GSE141910,sample,GSM4216073,NONE
GSE141910,sample,GSM4216074,NONE
GSE141910,sample,GSM4216075,NONE
GSE141910,sample,GSM4216076,NONE
GSE141910,sample,GSM4216077,NONE
GSE141910,sample,GSM4216078,NONE
GSE141910,sample,GSM4216079,NONE
GSE141910,sample,GSM4216080,NONE
GSE141910,sample,GSM4216081,NONE
GSE141910,sample,GSM4216082,NONE
GSE141910,sample,GSM4216083,NONE
GSE141910,sample,GSM4216084,NONE
GSE141910,sample,GSM4216085,NONE
GSE141910,sample,GSM4216086,NONE
GSE141910,sample,GSM4216087,NONE
GSE141910,sample,GSM4216088,NONE
GSE141910,sample,GSM4216089,NONE
GSE141910,sample,GSM4216090,NONE
GSE141910,sample,GSM4216091,NONE
GSE141910,sample,GSM4216092,NONE
GSE141910,sample,GSM4216093,NONE
GSE141910,sample,GSM4216094,NONE
GSE141910,sample,GSM4216095,NONE
GSE141910,sample,GSM4216096,NONE
GSE141910,sample,GSM4216097,NONE
GSE141910,sample,GSM4216098,NONE
GSE141910,sample,GSM4216099,NONE
GSE141910,sample,GSM4216100,NONE
GSE141910,sample,GSM4216101,NONE
GSE141910,sample,GSM4216102,NONE
GSE141910,sample,GSM4216103,NONE
GSE141910,sample,GSM4216104,NONE
GSE141910,sample,GSM4216105,NONE
GSE141910,sample,GSM4216106,NONE
GSE141910,sample,GSM4216107,NONE
GSE141910,sample,GSM4216108,NONE
GSE141910,sample,GSM4216109,NONE
GSE141910,sample,GSM4216110,NONE
GSE141910,sample,GSM4216111,NONE
GSE141910,sample,GSM4216112,NONE
GSE141910,sample,GSM4216113,NONE
GSE141910,sample,GSM4216114,NONE
GSE141910,sample,GSM4216115,NONE
GSE141910,sample,GSM4216116,NONE
GSE141910,sample,GSM4216117,NONE
GSE141910,sample,GSM4216118,NONE
GSE141910,sample,GSM4216119,NONE
GSE141910,sample,GSM4216120,NONE
GSE141910,sample,GSM4216121,NONE
GSE141910,sample,GSM4216122,NONE
GSE141910,sample,GSM4216123,NONE
GSE141910,sample,GSM4216124,NONE
GSE141910,sample,GSM4216125,NONE
GSE141910,sample,GSM4216126,NONE
GSE141910,sample,GSM4216127,NONE
GSE141910,sample,GSM4216128,NONE
GSE141910,sample,GSM4216129,NONE
GSE141910,sample,GSM4216130,NONE
GSE141910,sample,GSM4216131,NONE
GSE141910,sample,GSM4216132,NONE
GSE141910,sample,GSM4216133,NONE
GSE141910,sample,GSM4216134,NONE
GSE141910,sample,GSM4216135,NONE
GSE141910,sample,GSM4216136,NONE
GSE141910,sample,GSM4216137,NONE
GSE141910,sample,GSM4216138,NONE
GSE141910,sample,GSM4216139,NONE
GSE141910,sample,GSM4216140,NONE
GSE141910,sample,GSM4216141,NONE
GSE141910,sample,GSM4216142,NONE
GSE141910,sample,GSM4216143,NONE
GSE141910,sample,GSM4216144,NONE
GSE141910,sample,GSM4216145,NONE
GSE141910,sample,GSM4216146,NONE
GSE141910,sample,GSM4216147,NONE
GSE141910,sample,GSM4216148,NONE
GSE141910,sample,GSM4216149,NONE
GSE141910,sample,GSM4216150,NONE
GSE141910,sample,GSM4216151,NONE
GSE141910,sample,GSM4216152,NONE
GSE141910,sample,GSM4216153,NONE
GSE141910,sample,GSM4216154,NONE
GSE141910,sample,GSM4216155,NONE
GSE141910,sample,GSM4216156,NONE
GSE141910,sample,GSM4216157,NONE
GSE141910,sample,GSM4216158,NONE
GSE141910,sample,GSM4216159,NONE
GSE141910,sample,GSM4216160,NONE
GSE141910,sample,GSM4216161,NONE
GSE141910,sample,GSM4216162,NONE
GSE141910,sample,GSM4216163,NONE
GSE141910,sample,GSM4216164,NONE
GSE141910,sample,GSM4216165,NONE
GSE141910,sample,GSM4216166,NONE
GSE141910,sample,GSM4216167,NONE
GSE141910,sample,GSM4216168,NONE
GSE141910,sample,GSM4216169,NONE
GSE141910,sample,GSM4216170,NONE
GSE141910,sample,GSM4216171,NONE
GSE141910,sample,GSM4216172,NONE
GSE141910,sample,GSM4216173,NONE
GSE141910,sample,GSM4216174,NONE
GSE141910,sample,GSM4216175,NONE
GSE141910,sample,GSM4216176,NONE
GSE141910,sample,GSM4216177,NONE
GSE141910,sample,GSM4216178,NONE
GSE141910,sample,GSM4216179,NONE
GSE141910,sample,GSM4216180,NONE
GSE141910,sample,GSM4216181,NONE
GSE141910,sample,GSM4216182,NONE
GSE141910,sample,GSM4216183,NONE
GSE141910,sample,GSM4216184,NONE
GSE141910,sample,GSM4216185,NONE
GSE141910,sample,GSM4216186,NONE
GSE141910,sample,GSM4216187,NONE
GSE141910,sample,GSM4216188,NONE
GSE141910,sample,GSM4216189,NONE
GSE141910,sample,GSM4216190,NONE
GSE141910,sample,GSM4216191,NONE
GSE141910,sample,GSM4216192,NONE
GSE141910,sample,GSM4216193,NONE
GSE141910,sample,GSM4216194,NONE
GSE141910,sample,GSM4216195,NONE
GSE141910,sample,GSM4216196,NONE
GSE141910,sample,GSM4216197,NONE
GSE141910,sample,GSM4216198,NONE
GSE141910,sample,GSM4216199,NONE
GSE141910,sample,GSM4216200,NONE
GSE141910,sample,GSM4216201,NONE
GSE141910,sample,GSM4216202,NONE
GSE141910,sample,GSM4216203,NONE
GSE141910,sample,GSM4216204,NONE
GSE141910,sample,GSM4216205,NONE
GSE141910,sample,GSM4216206,NONE
GSE141910,sample,GSM4216207,NONE
GSE141910,sample,GSM4216208,NONE
GSE141910,sample,GSM4216209,NONE
GSE141910,sample,GSM4216210,NONE
GSE141910,sample,GSM4216211,NONE
GSE141910,sample,GSM4216212,NONE
GSE141910,sample,GSM4216213,NONE
GSE141910,sample,GSM4216214,NONE
GSE141910,sample,GSM4216215,NONE
GSE141910,sample,GSM4216216,NONE
GSE141910,sample,GSM4216217,NONE
GSE141910,sample,GSM4216218,NONE
GSE141910,sample,GSM4216219,NONE
GSE141910,sample,GSM4216221,NONE
GSE141910,sample,GSM4216224,NONE
GSE141910,sample,GSM4216226,NONE
GSE141910,sample,GSM4216228,NONE
GSE160997,series,,ftp://ftp.ncbi.nlm.nih.gov/geo/series/GSE160nnn/GSE160997/suppl/GSE160997_RAW.tar
GSE160997,sample,GSM4887610,NONE
GSE160997,sample,GSM4887611,NONE
GSE160997,sample,GSM4887612,NONE
GSE160997,sample,GSM4887613,NONE
GSE160997,sample,GSM4887614,NONE
GSE160997,sample,GSM4887615,NONE
GSE160997,sample,GSM4887616,NONE
GSE160997,sample,GSM4887617,NONE
GSE160997,sample,GSM4887618,NONE
GSE160997,sample,GSM4887619,NONE
GSE160997,sample,GSM4887620,NONE
GSE160997,sample,GSM4887621,NONE
GSE160997,sample,GSM4887622,NONE
GSE160997,sample,GSM4887623,NONE
GSE160997,sample,GSM4887624,NONE
GSE160997,sample,GSM4887625,NONE
GSE160997,sample,GSM4887626,NONE
GSE160997,sample,GSM4887627,NONE
GSE160997,sample,GSM4887628,NONE
GSE160997,sample,GSM4887629,NONE
GSE160997,sample,GSM4887630,NONE
GSE160997,sample,GSM4887631,NONE
GSE160997,sample,GSM4887632,NONE
GSE160997,sample,GSM4887633,NONE
GSE160997,sample,GSM4887634,NONE
GSE160997,sample,GSM4887635,NONE
GSE160997,sample,GSM4887636,NONE
GSE160997,sample,GSM4887637,NONE
GSE160997,sample,GSM4887638,NONE
GSE160997,sample,GSM4887639,NONE
GSE160997,sample,GSM4887640,NONE
GSE160997,sample,GSM4887641,NONE
GSE160997,sample,GSM4887642,NONE
GSE160997,sample,GSM4887643,NONE
GSE160997,sample,GSM4887644,NONE
GSE160997,sample,GSM4887645,NONE
GSE160997,sample,GSM4887646,NONE
GSE160997,sample,GSM4887647,NONE
GSE160997,sample,GSM4887648,NONE
GSE160997,sample,GSM4887649,NONE
GSE160997,sample,GSM4887650,NONE
GSE57338,series,,ftp://ftp.ncbi.nlm.nih.gov/geo/series/GSE57nnn/GSE57338/suppl/GSE57338_RAW.tar
GSE57338,sample,GSM1379812,ftp://ftp.ncbi.nlm.nih.gov/geo/samples/GSM1379nnn/GSM1379812/suppl/GSM1379812_C02065_HuGene1.1ST.CEL.gz
GSE57338,sample,GSM1379813,ftp://ftp.ncbi.nlm.nih.gov/geo/samples/GSM1379nnn/GSM1379813/suppl/GSM1379813_C02066_HuGene1.1ST.CEL.gz
GSE57338,sample,GSM1379814,ftp://ftp.ncbi.nlm.nih.gov/geo/samples/GSM1379nnn/GSM1379814/suppl/GSM1379814_C02070_HuGene1.1ST.CEL.gz
GSE57338,sample,GSM1379815,ftp://ftp.ncbi.nlm.nih.gov/geo/samples/GSM1379nnn/GSM1379815/suppl/GSM1379815_C02071_HuGene1.1ST.CEL.gz
GSE57338,sample,GSM1379816,ftp://ftp.ncbi.nlm.nih.gov/geo/samples/GSM1379nnn/GSM1379816/suppl/GSM1379816_C02085_HuGene1.1ST.CEL.gz
GSE57338,sample,GSM1379817,ftp://ftp.ncbi.nlm.nih.gov/geo/samples/GSM1379nnn/GSM1379817/suppl/GSM1379817_C02086_HuGene1.1ST.CEL.gz
GSE57338,sample,GSM1379818,ftp://ftp.ncbi.nlm.nih.gov/geo/samples/GSM1379nnn/GSM1379818/suppl/GSM1379818_C02155_HuGene1.1ST.CEL.gz
GSE57338,sample,GSM1379819,ftp://ftp.ncbi.nlm.nih.gov/geo/samples/GSM1379nnn/GSM1379819/suppl/GSM1379819_C02146_HuGene1.1ST.CEL.gz
GSE57338,sample,GSM1379820,ftp://ftp.ncbi.nlm.nih.gov/geo/samples/GSM1379nnn/GSM1379820/suppl/GSM1379820_C02182_HuGene1.1ST.CEL.gz
GSE57338,sample,GSM1379821,ftp://ftp.ncbi.nlm.nih.gov/geo/samples/GSM1379nnn/GSM1379821/suppl/GSM1379821_C02142_HuGene1.1ST.CEL.gz
GSE57338,sample,GSM1379822,ftp://ftp.ncbi.nlm.nih.gov/geo/samples/GSM1379nnn/GSM1379822/suppl/GSM1379822_C02082_HuGene1.1ST.CEL.gz
GSE57338,sample,GSM1379823,ftp://ftp.ncbi.nlm.nih.gov/geo/samples/GSM1379nnn/GSM1379823/suppl/GSM1379823_C02187_HuGene1.1ST.CEL.gz
GSE57338,sample,GSM1379824,ftp://ftp.ncbi.nlm.nih.gov/geo/samples/GSM1379nnn/GSM1379824/suppl/GSM1379824_C02141_HuGene1.1ST.CEL.gz
GSE57338,sample,GSM1379825,ftp://ftp.ncbi.nlm.nih.gov/geo/samples/GSM1379nnn/GSM1379825/suppl/GSM1379825_C02136_HuGene1.1ST.CEL.gz
GSE57338,sample,GSM1379826,ftp://ftp.ncbi.nlm.nih.gov/geo/samples/GSM1379nnn/GSM1379826/suppl/GSM1379826_C02053_HuGene1.1ST.CEL.gz
GSE57338,sample,GSM1379827,ftp://ftp.ncbi.nlm.nih.gov/geo/samples/GSM1379nnn/GSM1379827/suppl/GSM1379827_C01984_HuGene1.1ST.CEL.gz
GSE57338,sample,GSM1379828,ftp://ftp.ncbi.nlm.nih.gov/geo/samples/GSM1379nnn/GSM1379828/suppl/GSM1379828_C02034_HuGene1.1ST.CEL.gz
GSE57338,sample,GSM1379829,ftp://ftp.ncbi.nlm.nih.gov/geo/samples/GSM1379nnn/GSM1379829/suppl/GSM1379829_C02042_HuGene1.1ST.CEL.gz
GSE57338,sample,GSM1379830,ftp://ftp.ncbi.nlm.nih.gov/geo/samples/GSM1379nnn/GSM1379830/suppl/GSM1379830_P01119_HuGene1.1ST.CEL.gz
GSE57338,sample,GSM1379831,ftp://ftp.ncbi.nlm.nih.gov/geo/samples/GSM1379nnn/GSM1379831/suppl/GSM1379831_P01151_HuGene1.1ST.CEL.gz
GSE57338,sample,GSM1379832,ftp://ftp.ncbi.nlm.nih.gov/geo/samples/GSM1379nnn/GSM1379832/suppl/GSM1379832_P01160_HuGene1.1ST.CEL.gz
GSE57338,sample,GSM1379833,ftp://ftp.ncbi.nlm.nih.gov/geo/samples/GSM1379nnn/GSM1379833/suppl/GSM1379833_P01185_HuGene1.1ST.CEL.gz
GSE57338,sample,GSM1379834,ftp://ftp.ncbi.nlm.nih.gov/geo/samples/GSM1379nnn/GSM1379834/suppl/GSM1379834_P01199_HuGene1.1ST.CEL.gz
GSE57338,sample,GSM1379835,ftp://ftp.ncbi.nlm.nih.gov/geo/samples/GSM1379nnn/GSM1379835/suppl/GSM1379835_P01207_HuGene1.1ST.CEL.gz
GSE57338,sample,GSM1379836,ftp://ftp.ncbi.nlm.nih.gov/geo/samples/GSM1379nnn/GSM1379836/suppl/GSM1379836_P01215_HuGene1.1ST.CEL.gz
GSE57338,sample,GSM1379837,ftp://ftp.ncbi.nlm.nih.gov/geo/samples/GSM1379nnn/GSM1379837/suppl/GSM1379837_P01225_HuGene1.1ST.CEL.gz
GSE57338,sample,GSM1379838,ftp://ftp.ncbi.nlm.nih.gov/geo/samples/GSM1379nnn/GSM1379838/suppl/GSM1379838_P01238_HuGene1.1ST.CEL.gz
GSE57338,sample,GSM1379839,ftp://ftp.ncbi.nlm.nih.gov/geo/samples/GSM1379nnn/GSM1379839/suppl/GSM1379839_P01248_HuGene1.1ST.CEL.gz
GSE57338,sample,GSM1379840,ftp://ftp.ncbi.nlm.nih.gov/geo/samples/GSM1379nnn/GSM1379840/suppl/GSM1379840_P01249_HuGene1.1ST.CEL.gz
GSE57338,sample,GSM1379841,ftp://ftp.ncbi.nlm.nih.gov/geo/samples/GSM1379nnn/GSM1379841/suppl/GSM1379841_P01251_HuGene1.1ST.CEL.gz
GSE57338,sample,GSM1379842,ftp://ftp.ncbi.nlm.nih.gov/geo/samples/GSM1379nnn/GSM1379842/suppl/GSM1379842_P01277_HuGene1.1ST.CEL.gz
GSE57338,sample,GSM1379843,ftp://ftp.ncbi.nlm.nih.gov/geo/samples/GSM1379nnn/GSM1379843/suppl/GSM1379843_P01202_HuGene1.1ST.CEL.gz
GSE57338,sample,GSM1379844,ftp://ftp.ncbi.nlm.nih.gov/geo/samples/GSM1379nnn/GSM1379844/suppl/GSM1379844_P01200_HuGene1.1ST.CEL.gz
GSE57338,sample,GSM1379845,ftp://ftp.ncbi.nlm.nih.gov/geo/samples/GSM1379nnn/GSM1379845/suppl/GSM1379845_P01273_HuGene1.1ST.CEL.gz
GSE57338,sample,GSM1379846,ftp://ftp.ncbi.nlm.nih.gov/geo/samples/GSM1379nnn/GSM1379846/suppl/GSM1379846_P01256_HuGene1.1ST.CEL.gz
GSE57338,sample,GSM1379847,ftp://ftp.ncbi.nlm.nih.gov/geo/samples/GSM1379nnn/GSM1379847/suppl/GSM1379847_P01281_HuGene1.1ST.CEL.gz
GSE57338,sample,GSM1379848,ftp://ftp.ncbi.nlm.nih.gov/geo/samples/GSM1379nnn/GSM1379848/suppl/GSM1379848_P01025_HuGene1.1ST.CEL.gz
GSE57338,sample,GSM1379849,ftp://ftp.ncbi.nlm.nih.gov/geo/samples/GSM1379nnn/GSM1379849/suppl/GSM1379849_P01257_HuGene1.1ST.CEL.gz
GSE57338,sample,GSM1379850,ftp://ftp.ncbi.nlm.nih.gov/geo/samples/GSM1379nnn/GSM1379850/suppl/GSM1379850_P01226_HuGene1.1ST.CEL.gz
GSE57338,sample,GSM1379851,ftp://ftp.ncbi.nlm.nih.gov/geo/samples/GSM1379nnn/GSM1379851/suppl/GSM1379851_P01259_HuGene1.1ST.CEL.gz
GSE57338,sample,GSM1379852,ftp://ftp.ncbi.nlm.nih.gov/geo/samples/GSM1379nnn/GSM1379852/suppl/GSM1379852_P01122_HuGene1.1ST.CEL.gz
GSE57338,sample,GSM1379853,ftp://ftp.ncbi.nlm.nih.gov/geo/samples/GSM1379nnn/GSM1379853/suppl/GSM1379853_P01171_HuGene1.1ST.CEL.gz
GSE57338,sample,GSM1379854,ftp://ftp.ncbi.nlm.nih.gov/geo/samples/GSM1379nnn/GSM1379854/suppl/GSM1379854_P01197_HuGene1.1ST.CEL.gz
GSE57338,sample,GSM1379855,ftp://ftp.ncbi.nlm.nih.gov/geo/samples/GSM1379nnn/GSM1379855/suppl/GSM1379855_P01237_HuGene1.1ST.CEL.gz
GSE57338,sample,GSM1379856,ftp://ftp.ncbi.nlm.nih.gov/geo/samples/GSM1379nnn/GSM1379856/suppl/GSM1379856_C00145_HuGene1.1ST.CEL.gz
GSE57338,sample,GSM1379857,ftp://ftp.ncbi.nlm.nih.gov/geo/samples/GSM1379nnn/GSM1379857/suppl/GSM1379857_C00086_HuGene1.1ST.CEL.gz
GSE57338,sample,GSM1379858,ftp://ftp.ncbi.nlm.nih.gov/geo/samples/GSM1379nnn/GSM1379858/suppl/GSM1379858_C00094_HuGene1.1ST.CEL.gz
GSE57338,sample,GSM1379859,ftp://ftp.ncbi.nlm.nih.gov/geo/samples/GSM1379nnn/GSM1379859/suppl/GSM1379859_C00134_HuGene1.1ST.CEL.gz
GSE57338,sample,GSM1379860,ftp://ftp.ncbi.nlm.nih.gov/geo/samples/GSM1379nnn/GSM1379860/suppl/GSM1379860_C00146_HuGene1.1ST.CEL.gz
GSE57338,sample,GSM1379861,ftp://ftp.ncbi.nlm.nih.gov/geo/samples/GSM1379nnn/GSM1379861/suppl/GSM1379861_C00091_HuGene1.1ST.CEL.gz
GSE57338,sample,GSM1379862,ftp://ftp.ncbi.nlm.nih.gov/geo/samples/GSM1379nnn/GSM1379862/suppl/GSM1379862_C00075_HuGene1.1ST.CEL.gz
GSE57338,sample,GSM1379863,ftp://ftp.ncbi.nlm.nih.gov/geo/samples/GSM1379nnn/GSM1379863/suppl/GSM1379863_P01279_HuGene1.1ST.CEL.gz
GSE57338,sample,GSM1379864,ftp://ftp.ncbi.nlm.nih.gov/geo/samples/GSM1379nnn/GSM1379864/suppl/GSM1379864_P01232_HuGene1.1ST.CEL.gz
GSE57338,sample,GSM1379865,ftp://ftp.ncbi.nlm.nih.gov/geo/samples/GSM1379nnn/GSM1379865/suppl/GSM1379865_P01176_HuGene1.1ST.CEL.gz
GSE57338,sample,GSM1379866,ftp://ftp.ncbi.nlm.nih.gov/geo/samples/GSM1379nnn/GSM1379866/suppl/GSM1379866_P01136_HuGene1.1ST.CEL.gz
GSE57338,sample,GSM1379867,ftp://ftp.ncbi.nlm.nih.gov/geo/samples/GSM1379nnn/GSM1379867/suppl/GSM1379867_P01138_HuGene1.1ST.CEL.gz
GSE57338,sample,GSM1379868,ftp://ftp.ncbi.nlm.nih.gov/geo/samples/GSM1379nnn/GSM1379868/suppl/GSM1379868_P01252_HuGene1.1ST.CEL.gz
GSE57338,sample,GSM1379869,ftp://ftp.ncbi.nlm.nih.gov/geo/samples/GSM1379nnn/GSM1379869/suppl/GSM1379869_P01184_HuGene1.1ST.CEL.gz
GSE57338,sample,GSM1379870,ftp://ftp.ncbi.nlm.nih.gov/geo/samples/GSM1379nnn/GSM1379870/suppl/GSM1379870_P01067_HuGene1.1ST.CEL.gz
GSE57338,sample,GSM1379871,ftp://ftp.ncbi.nlm.nih.gov/geo/samples/GSM1379nnn/GSM1379871/suppl/GSM1379871_P01140_HuGene1.1ST.CEL.gz
GSE57338,sample,GSM1379872,ftp://ftp.ncbi.nlm.nih.gov/geo/samples/GSM1379nnn/GSM1379872/suppl/GSM1379872_P01100_HuGene1.1ST.CEL.gz
GSE57338,sample,GSM1379873,ftp://ftp.ncbi.nlm.nih.gov/geo/samples/GSM1379nnn/GSM1379873/suppl/GSM1379873_P01183_HuGene1.1ST.CEL.gz
GSE57338,sample,GSM1379874,ftp://ftp.ncbi.nlm.nih.gov/geo/samples/GSM1379nnn/GSM1379874/suppl/GSM1379874_P01152_HuGene1.1ST.CEL.gz
GSE57338,sample,GSM1379875,ftp://ftp.ncbi.nlm.nih.gov/geo/samples/GSM1379nnn/GSM1379875/suppl/GSM1379875_P01165_HuGene1.1ST.CEL.gz
GSE57338,sample,GSM1379876,ftp://ftp.ncbi.nlm.nih.gov/geo/samples/GSM1379nnn/GSM1379876/suppl/GSM1379876_P01101_HuGene1.1ST.CEL.gz
GSE57338,sample,GSM1379877,ftp://ftp.ncbi.nlm.nih.gov/geo/samples/GSM1379nnn/GSM1379877/suppl/GSM1379877_C00079_HuGene1.1ST.CEL.gz
GSE57338,sample,GSM1379878,ftp://ftp.ncbi.nlm.nih.gov/geo/samples/GSM1379nnn/GSM1379878/suppl/GSM1379878_C00108_HuGene1.1ST.CEL.gz
GSE57338,sample,GSM1379879,ftp://ftp.ncbi.nlm.nih.gov/geo/samples/GSM1379nnn/GSM1379879/suppl/GSM1379879_P00368_HuGene1.1ST.CEL.gz
GSE57338,sample,GSM1379880,ftp://ftp.ncbi.nlm.nih.gov/geo/samples/GSM1379nnn/GSM1379880/suppl/GSM1379880_C00171_HuGene1.1ST.CEL.gz
GSE57338,sample,GSM1379881,ftp://ftp.ncbi.nlm.nih.gov/geo/samples/GSM1379nnn/GSM1379881/suppl/GSM1379881_C00040_HuGene1.1ST.CEL.gz
GSE57338,sample,GSM1379882,ftp://ftp.ncbi.nlm.nih.gov/geo/samples/GSM1379nnn/GSM1379882/suppl/GSM1379882_C00048_HuGene1.1ST.CEL.gz
GSE57338,sample,GSM1379883,ftp://ftp.ncbi.nlm.nih.gov/geo/samples/GSM1379nnn/GSM1379883/suppl/GSM1379883_C00080_HuGene1.1ST.CEL.gz
GSE57338,sample,GSM1379884,ftp://ftp.ncbi.nlm.nih.gov/geo/samples/GSM1379nnn/GSM1379884/suppl/GSM1379884_C00081_HuGene1.1ST.CEL.gz
GSE57338,sample,GSM1379885,ftp://ftp.ncbi.nlm.nih.gov/geo/samples/GSM1379nnn/GSM1379885/suppl/GSM1379885_C00099_HuGene1.1ST.CEL.gz
GSE57338,sample,GSM1379886,ftp://ftp.ncbi.nlm.nih.gov/geo/samples/GSM1379nnn/GSM1379886/suppl/GSM1379886_C00116_HuGene1.1ST.CEL.gz
GSE57338,sample,GSM1379887,ftp://ftp.ncbi.nlm.nih.gov/geo/samples/GSM1379nnn/GSM1379887/suppl/GSM1379887_C00062_HuGene1.1ST.CEL.gz
GSE57338,sample,GSM1379888,ftp://ftp.ncbi.nlm.nih.gov/geo/samples/GSM1379nnn/GSM1379888/suppl/GSM1379888_C00078_HuGene1.1ST.CEL.gz
GSE57338,sample,GSM1379889,ftp://ftp.ncbi.nlm.nih.gov/geo/samples/GSM1379nnn/GSM1379889/suppl/GSM1379889_C00160_HuGene1.1ST.CEL.gz
GSE57338,sample,GSM1379890,ftp://ftp.ncbi.nlm.nih.gov/geo/samples/GSM1379nnn/GSM1379890/suppl/GSM1379890_C00164_HuGene1.1ST.CEL.gz
GSE57338,sample,GSM1379891,ftp://ftp.ncbi.nlm.nih.gov/geo/samples/GSM1379nnn/GSM1379891/suppl/GSM1379891_C00043_HuGene1.1ST.CEL.gz
GSE57338,sample,GSM1379892,ftp://ftp.ncbi.nlm.nih.gov/geo/samples/GSM1379nnn/GSM1379892/suppl/GSM1379892_C00077_HuGene1.1ST.CEL.gz
GSE57338,sample,GSM1379893,ftp://ftp.ncbi.nlm.nih.gov/geo/samples/GSM1379nnn/GSM1379893/suppl/GSM1379893_C00138_HuGene1.1ST.CEL.gz
GSE57338,sample,GSM1379894,ftp://ftp.ncbi.nlm.nih.gov/geo/samples/GSM1379nnn/GSM1379894/suppl/GSM1379894_C00133_HuGene1.1ST.CEL.gz
GSE57338,sample,GSM1379895,ftp://ftp.ncbi.nlm.nih.gov/geo/samples/GSM1379nnn/GSM1379895/suppl/GSM1379895_C00109_HuGene1.1ST.CEL.gz
GSE57338,sample,GSM1379896,ftp://ftp.ncbi.nlm.nih.gov/geo/samples/GSM1379nnn/GSM1379896/suppl/GSM1379896_C00115_HuGene1.1ST.CEL.gz
GSE57338,sample,GSM1379897,ftp://ftp.ncbi.nlm.nih.gov/geo/samples/GSM1379nnn/GSM1379897/suppl/GSM1379897_C00060_HuGene1.1ST.CEL.gz
GSE57338,sample,GSM1379898,ftp://ftp.ncbi.nlm.nih.gov/geo/samples/GSM1379nnn/GSM1379898/suppl/GSM1379898_C00064_HuGene1.1ST.CEL.gz
GSE57338,sample,GSM1379899,ftp://ftp.ncbi.nlm.nih.gov/geo/samples/GSM1379nnn/GSM1379899/suppl/GSM1379899_C00101_HuGene1.1ST.CEL.gz
GSE57338,sample,GSM1379900,ftp://ftp.ncbi.nlm.nih.gov/geo/samples/GSM1379nnn/GSM1379900/suppl/GSM1379900_C00102_HuGene1.1ST.CEL.gz
GSE57338,sample,GSM1379901,ftp://ftp.ncbi.nlm.nih.gov/geo/samples/GSM1379nnn/GSM1379901/suppl/GSM1379901_C00104_HuGene1.1ST.CEL.gz
GSE57338,sample,GSM1379902,ftp://ftp.ncbi.nlm.nih.gov/geo/samples/GSM1379nnn/GSM1379902/suppl/GSM1379902_C00118_HuGene1.1ST.CEL.gz
GSE57338,sample,GSM1379903,ftp://ftp.ncbi.nlm.nih.gov/geo/samples/GSM1379nnn/GSM1379903/suppl/GSM1379903_C00120_HuGene1.1ST.CEL.gz
GSE57338,sample,GSM1379904,ftp://ftp.ncbi.nlm.nih.gov/geo/samples/GSM1379nnn/GSM1379904/suppl/GSM1379904_C00121_HuGene1.1ST.CEL.gz
GSE57338,sample,GSM1379905,ftp://ftp.ncbi.nlm.nih.gov/geo/samples/GSM1379nnn/GSM1379905/suppl/GSM1379905_C00122_HuGene1.1ST.CEL.gz
GSE57338,sample,GSM1379906,ftp://ftp.ncbi.nlm.nih.gov/geo/samples/GSM1379nnn/GSM1379906/suppl/GSM1379906_C00127_HuGene1.1ST.CEL.gz
GSE57338,sample,GSM1379907,ftp://ftp.ncbi.nlm.nih.gov/geo/samples/GSM1379nnn/GSM1379907/suppl/GSM1379907_C00150_HuGene1.1ST.CEL.gz
GSE57338,sample,GSM1379908,ftp://ftp.ncbi.nlm.nih.gov/geo/samples/GSM1379nnn/GSM1379908/suppl/GSM1379908_C00151_HuGene1.1ST.CEL.gz
GSE57338,sample,GSM1379909,ftp://ftp.ncbi.nlm.nih.gov/geo/samples/GSM1379nnn/GSM1379909/suppl/GSM1379909_C00119_HuGene1.1ST.CEL.gz
GSE57338,sample,GSM1379910,ftp://ftp.ncbi.nlm.nih.gov/geo/samples/GSM1379nnn/GSM1379910/suppl/GSM1379910_C00170_HuGene1.1ST.CEL.gz
GSE57338,sample,GSM1379911,ftp://ftp.ncbi.nlm.nih.gov/geo/samples/GSM1379nnn/GSM1379911/suppl/GSM1379911_C00153_HuGene1.1ST.CEL.gz
GSE57338,sample,GSM1379912,ftp://ftp.ncbi.nlm.nih.gov/geo/samples/GSM1379nnn/GSM1379912/suppl/GSM1379912_C00157_HuGene1.1ST.CEL.gz
GSE57338,sample,GSM1379913,ftp://ftp.ncbi.nlm.nih.gov/geo/samples/GSM1379nnn/GSM1379913/suppl/GSM1379913_C00162_HuGene1.1ST.CEL.gz
GSE57338,sample,GSM1379914,ftp://ftp.ncbi.nlm.nih.gov/geo/samples/GSM1379nnn/GSM1379914/suppl/GSM1379914_C00163_HuGene1.1ST.CEL.gz
GSE57338,sample,GSM1379915,ftp://ftp.ncbi.nlm.nih.gov/geo/samples/GSM1379nnn/GSM1379915/suppl/GSM1379915_C00165_HuGene1.1ST.CEL.gz
GSE57338,sample,GSM1379916,ftp://ftp.ncbi.nlm.nih.gov/geo/samples/GSM1379nnn/GSM1379916/suppl/GSM1379916_P01036_HuGene1.1ST.CEL.gz
GSE57338,sample,GSM1379917,ftp://ftp.ncbi.nlm.nih.gov/geo/samples/GSM1379nnn/GSM1379917/suppl/GSM1379917_P01039_HuGene1.1ST.CEL.gz
GSE57338,sample,GSM1379918,ftp://ftp.ncbi.nlm.nih.gov/geo/samples/GSM1379nnn/GSM1379918/suppl/GSM1379918_C00041_HuGene1.1ST.CEL.gz
GSE57338,sample,GSM1379919,ftp://ftp.ncbi.nlm.nih.gov/geo/samples/GSM1379nnn/GSM1379919/suppl/GSM1379919_C00042_HuGene1.1ST.CEL.gz
GSE57338,sample,GSM1379920,ftp://ftp.ncbi.nlm.nih.gov/geo/samples/GSM1379nnn/GSM1379920/suppl/GSM1379920_C00044_HuGene1.1ST.CEL.gz
GSE57338,sample,GSM1379921,ftp://ftp.ncbi.nlm.nih.gov/geo/samples/GSM1379nnn/GSM1379921/suppl/GSM1379921_C00045_HuGene1.1ST.CEL.gz
GSE57338,sample,GSM1379922,ftp://ftp.ncbi.nlm.nih.gov/geo/samples/GSM1379nnn/GSM1379922/suppl/GSM1379922_C00097_HuGene1.1ST.CEL.gz
GSE57338,sample,GSM1379923,ftp://ftp.ncbi.nlm.nih.gov/geo/samples/GSM1379nnn/GSM1379923/suppl/GSM1379923_C00098_HuGene1.1ST.CEL.gz
GSE57338,sample,GSM1379924,ftp://ftp.ncbi.nlm.nih.gov/geo/samples/GSM1379nnn/GSM1379924/suppl/GSM1379924_C00076_HuGene1.1ST.CEL.gz
GSE57338,sample,GSM1379925,ftp://ftp.ncbi.nlm.nih.gov/geo/samples/GSM1379nnn/GSM1379925/suppl/GSM1379925_C00096_HuGene1.1ST.CEL.gz
GSE57338,sample,GSM1379926,ftp://ftp.ncbi.nlm.nih.gov/geo/samples/GSM1379nnn/GSM1379926/suppl/GSM1379926_C00107_HuGene1.1ST.CEL.gz
GSE57338,sample,GSM1379927,ftp://ftp.ncbi.nlm.nih.gov/geo/samples/GSM1379nnn/GSM1379927/suppl/GSM1379927_C00083_HuGene1.1ST.CEL.gz
GSE57338,sample,GSM1379928,ftp://ftp.ncbi.nlm.nih.gov/geo/samples/GSM1379nnn/GSM1379928/suppl/GSM1379928_C02068_HuGene1.1ST.CEL.gz
GSE57338,sample,GSM1379929,ftp://ftp.ncbi.nlm.nih.gov/geo/samples/GSM1379nnn/GSM1379929/suppl/GSM1379929_C02069_HuGene1.1ST.CEL.gz
GSE57338,sample,GSM1379930,ftp://ftp.ncbi.nlm.nih.gov/geo/samples/GSM1379nnn/GSM1379930/suppl/GSM1379930_C02077_HuGene1.1ST.CEL.gz
GSE57338,sample,GSM1379931,ftp://ftp.ncbi.nlm.nih.gov/geo/samples/GSM1379nnn/GSM1379931/suppl/GSM1379931_C02080_HuGene1.1ST.CEL.gz
GSE57338,sample,GSM1379932,ftp://ftp.ncbi.nlm.nih.gov/geo/samples/GSM1379nnn/GSM1379932/suppl/GSM1379932_C02081_HuGene1.1ST.CEL.gz
GSE57338,sample,GSM1379933,ftp://ftp.ncbi.nlm.nih.gov/geo/samples/GSM1379nnn/GSM1379933/suppl/GSM1379933_C02092_HuGene1.1ST.CEL.gz
GSE57338,sample,GSM1379934,ftp://ftp.ncbi.nlm.nih.gov/geo/samples/GSM1379nnn/GSM1379934/suppl/GSM1379934_C02094_HuGene1.1ST.CEL.gz
GSE57338,sample,GSM1379935,ftp://ftp.ncbi.nlm.nih.gov/geo/samples/GSM1379nnn/GSM1379935/suppl/GSM1379935_C02095_HuGene1.1ST.CEL.gz
GSE57338,sample,GSM1379936,ftp://ftp.ncbi.nlm.nih.gov/geo/samples/GSM1379nnn/GSM1379936/suppl/GSM1379936_C02097_HuGene1.1ST.CEL.gz
GSE57338,sample,GSM1379937,ftp://ftp.ncbi.nlm.nih.gov/geo/samples/GSM1379nnn/GSM1379937/suppl/GSM1379937_C02109_HuGene1.1ST.CEL.gz
GSE57338,sample,GSM1379938,ftp://ftp.ncbi.nlm.nih.gov/geo/samples/GSM1379nnn/GSM1379938/suppl/GSM1379938_C02111_HuGene1.1ST.CEL.gz
GSE57338,sample,GSM1379939,ftp://ftp.ncbi.nlm.nih.gov/geo/samples/GSM1379nnn/GSM1379939/suppl/GSM1379939_C01954_HuGene1.1ST.CEL.gz
GSE57338,sample,GSM1379940,ftp://ftp.ncbi.nlm.nih.gov/geo/samples/GSM1379nnn/GSM1379940/suppl/GSM1379940_C01960_HuGene1.1ST.CEL.gz
GSE57338,sample,GSM1379941,ftp://ftp.ncbi.nlm.nih.gov/geo/samples/GSM1379nnn/GSM1379941/suppl/GSM1379941_C01990_HuGene1.1ST.CEL.gz
GSE57338,sample,GSM1379942,ftp://ftp.ncbi.nlm.nih.gov/geo/samples/GSM1379nnn/GSM1379942/suppl/GSM1379942_C01997_HuGene1.1ST.CEL.gz
GSE57338,sample,GSM1379943,ftp://ftp.ncbi.nlm.nih.gov/geo/samples/GSM1379nnn/GSM1379943/suppl/GSM1379943_C02031_HuGene1.1ST.CEL.gz
GSE57338,sample,GSM1379944,ftp://ftp.ncbi.nlm.nih.gov/geo/samples/GSM1379nnn/GSM1379944/suppl/GSM1379944_C02045_HuGene1.1ST.CEL.gz
GSE57338,sample,GSM1379945,ftp://ftp.ncbi.nlm.nih.gov/geo/samples/GSM1379nnn/GSM1379945/suppl/GSM1379945_C02057_HuGene1.1ST.CEL.gz
GSE57338,sample,GSM1379946,ftp://ftp.ncbi.nlm.nih.gov/geo/samples/GSM1379nnn/GSM1379946/suppl/GSM1379946_C02061_HuGene1.1ST.CEL.gz
GSE57338,sample,GSM1379947,ftp://ftp.ncbi.nlm.nih.gov/geo/samples/GSM1379nnn/GSM1379947/suppl/GSM1379947_C02116_HuGene1.1ST.CEL.gz
GSE57338,sample,GSM1379948,ftp://ftp.ncbi.nlm.nih.gov/geo/samples/GSM1379nnn/GSM1379948/suppl/GSM1379948_C02123_HuGene1.1ST.CEL.gz
GSE57338,sample,GSM1379949,ftp://ftp.ncbi.nlm.nih.gov/geo/samples/GSM1379nnn/GSM1379949/suppl/GSM1379949_C02083_HuGene1.1ST.CEL.gz
GSE57338,sample,GSM1379950,ftp://ftp.ncbi.nlm.nih.gov/geo/samples/GSM1379nnn/GSM1379950/suppl/GSM1379950_C02058_HuGene1.1ST.CEL.gz
GSE57338,sample,GSM1379951,ftp://ftp.ncbi.nlm.nih.gov/geo/samples/GSM1379nnn/GSM1379951/suppl/GSM1379951_C02114_HuGene1.1ST.CEL.gz
GSE57338,sample,GSM1379952,ftp://ftp.ncbi.nlm.nih.gov/geo/samples/GSM1379nnn/GSM1379952/suppl/GSM1379952_C02130_HuGene1.1ST.CEL.gz
GSE57338,sample,GSM1379953,ftp://ftp.ncbi.nlm.nih.gov/geo/samples/GSM1379nnn/GSM1379953/suppl/GSM1379953_C02131_HuGene1.1ST.CEL.gz
GSE57338,sample,GSM1379954,ftp://ftp.ncbi.nlm.nih.gov/geo/samples/GSM1379nnn/GSM1379954/suppl/GSM1379954_C02177_HuGene1.1ST.CEL.gz
GSE57338,sample,GSM1379955,ftp://ftp.ncbi.nlm.nih.gov/geo/samples/GSM1379nnn/GSM1379955/suppl/GSM1379955_P01082_HuGene1.1ST.CEL.gz
GSE57338,sample,GSM1379956,ftp://ftp.ncbi.nlm.nih.gov/geo/samples/GSM1379nnn/GSM1379956/suppl/GSM1379956_P01163_HuGene1.1ST.CEL.gz
GSE57338,sample,GSM1379957,ftp://ftp.ncbi.nlm.nih.gov/geo/samples/GSM1379nnn/GSM1379957/suppl/GSM1379957_P00343_HuGene1.1ST.CEL.gz
GSE57338,sample,GSM1379958,ftp://ftp.ncbi.nlm.nih.gov/geo/samples/GSM1379nnn/GSM1379958/suppl/GSM1379958_P00025_HuGene1.1ST.CEL.gz
GSE57338,sample,GSM1379959,ftp://ftp.ncbi.nlm.nih.gov/geo/samples/GSM1379nnn/GSM1379959/suppl/GSM1379959_P00026_HuGene1.1ST.CEL.gz
GSE57338,sample,GSM1379960,ftp://ftp.ncbi.nlm.nih.gov/geo/samples/GSM1379nnn/GSM1379960/suppl/GSM1379960_P00038_HuGene1.1ST.CEL.gz
GSE57338,sample,GSM1379961,ftp://ftp.ncbi.nlm.nih.gov/geo/samples/GSM1379nnn/GSM1379961/suppl/GSM1379961_P00460_HuGene1.1ST.CEL.gz
GSE57338,sample,GSM1379962,ftp://ftp.ncbi.nlm.nih.gov/geo/samples/GSM1379nnn/GSM1379962/suppl/GSM1379962_C00113_HuGene1.1ST.CEL.gz
GSE57338,sample,GSM1379963,ftp://ftp.ncbi.nlm.nih.gov/geo/samples/GSM1379nnn/GSM1379963/suppl/GSM1379963_P00166_HuGene1.1ST.CEL.gz
GSE57338,sample,GSM1379964,ftp://ftp.ncbi.nlm.nih.gov/geo/samples/GSM1379nnn/GSM1379964/suppl/GSM1379964_P00176_HuGene1.1ST.CEL.gz
GSE57338,sample,GSM1379965,ftp://ftp.ncbi.nlm.nih.gov/geo/samples/GSM1379nnn/GSM1379965/suppl/GSM1379965_P01070_HuGene1.1ST.CEL.gz
GSE57338,sample,GSM1379966,ftp://ftp.ncbi.nlm.nih.gov/geo/samples/GSM1379nnn/GSM1379966/suppl/GSM1379966_C00112_HuGene1.1ST.CEL.gz
GSE57338,sample,GSM1379967,ftp://ftp.ncbi.nlm.nih.gov/geo/samples/GSM1379nnn/GSM1379967/suppl/GSM1379967_P01085_HuGene1.1ST.CEL.gz
GSE57338,sample,GSM1379968,ftp://ftp.ncbi.nlm.nih.gov/geo/samples/GSM1379nnn/GSM1379968/suppl/GSM1379968_C00142_HuGene1.1ST.CEL.gz
GSE57338,sample,GSM1379969,ftp://ftp.ncbi.nlm.nih.gov/geo/samples/GSM1379nnn/GSM1379969/suppl/GSM1379969_C00137_HuGene1.1ST.CEL.gz
GSE57338,sample,GSM1379970,ftp://ftp.ncbi.nlm.nih.gov/geo/samples/GSM1379nnn/GSM1379970/suppl/GSM1379970_C00111_HuGene1.1ST.CEL.gz
GSE57338,sample,GSM1379971,ftp://ftp.ncbi.nlm.nih.gov/geo/samples/GSM1379nnn/GSM1379971/suppl/GSM1379971_C00114_HuGene1.1ST.CEL.gz
GSE57338,sample,GSM1379972,ftp://ftp.ncbi.nlm.nih.gov/geo/samples/GSM1379nnn/GSM1379972/suppl/GSM1379972_C00047_HuGene1.1ST.CEL.gz
GSE57338,sample,GSM1379973,ftp://ftp.ncbi.nlm.nih.gov/geo/samples/GSM1379nnn/GSM1379973/suppl/GSM1379973_C00049_HuGene1.1ST.CEL.gz
GSE57338,sample,GSM1379974,ftp://ftp.ncbi.nlm.nih.gov/geo/samples/GSM1379nnn/GSM1379974/suppl/GSM1379974_C00057_HuGene1.1ST.CEL.gz
GSE57338,sample,GSM1379975,ftp://ftp.ncbi.nlm.nih.gov/geo/samples/GSM1379nnn/GSM1379975/suppl/GSM1379975_C00058_HuGene1.1ST.CEL.gz
GSE57338,sample,GSM1379976,ftp://ftp.ncbi.nlm.nih.gov/geo/samples/GSM1379nnn/GSM1379976/suppl/GSM1379976_C00067_HuGene1.1ST.CEL.gz
GSE57338,sample,GSM1379977,ftp://ftp.ncbi.nlm.nih.gov/geo/samples/GSM1379nnn/GSM1379977/suppl/GSM1379977_C00069_HuGene1.1ST.CEL.gz
GSE57338,sample,GSM1379978,ftp://ftp.ncbi.nlm.nih.gov/geo/samples/GSM1379nnn/GSM1379978/suppl/GSM1379978_C00070_HuGene1.1ST.CEL.gz
GSE57338,sample,GSM1379979,ftp://ftp.ncbi.nlm.nih.gov/geo/samples/GSM1379nnn/GSM1379979/suppl/GSM1379979_C00082_HuGene1.1ST.CEL.gz
GSE57338,sample,GSM1379980,ftp://ftp.ncbi.nlm.nih.gov/geo/samples/GSM1379nnn/GSM1379980/suppl/GSM1379980_C00084_HuGene1.1ST.CEL.gz
GSE57338,sample,GSM1379981,ftp://ftp.ncbi.nlm.nih.gov/geo/samples/GSM1379nnn/GSM1379981/suppl/GSM1379981_C00088_HuGene1.1ST.CEL.gz
GSE57338,sample,GSM1379982,ftp://ftp.ncbi.nlm.nih.gov/geo/samples/GSM1379nnn/GSM1379982/suppl/GSM1379982_C00089_HuGene1.1ST.CEL.gz
GSE57338,sample,GSM1379983,ftp://ftp.ncbi.nlm.nih.gov/geo/samples/GSM1379nnn/GSM1379983/suppl/GSM1379983_C00093_HuGene1.1ST.CEL.gz
GSE57338,sample,GSM1379984,ftp://ftp.ncbi.nlm.nih.gov/geo/samples/GSM1379nnn/GSM1379984/suppl/GSM1379984_P01287_HuGene1.1ST.CEL.gz
GSE57338,sample,GSM1379985,ftp://ftp.ncbi.nlm.nih.gov/geo/samples/GSM1379nnn/GSM1379985/suppl/GSM1379985_C00154_HuGene1.1ST.CEL.gz
GSE57338,sample,GSM1379986,ftp://ftp.ncbi.nlm.nih.gov/geo/samples/GSM1379nnn/GSM1379986/suppl/GSM1379986_C00155_HuGene1.1ST.CEL.gz
GSE57338,sample,GSM1379987,ftp://ftp.ncbi.nlm.nih.gov/geo/samples/GSM1379nnn/GSM1379987/suppl/GSM1379987_C00117_HuGene1.1ST.CEL.gz
GSE57338,sample,GSM1379988,ftp://ftp.ncbi.nlm.nih.gov/geo/samples/GSM1379nnn/GSM1379988/suppl/GSM1379988_C00140_HuGene1.1ST.CEL.gz
GSE57338,sample,GSM1379989,ftp://ftp.ncbi.nlm.nih.gov/geo/samples/GSM1379nnn/GSM1379989/suppl/GSM1379989_C00100_HuGene1.1ST.CEL.gz
GSE57338,sample,GSM1379990,ftp://ftp.ncbi.nlm.nih.gov/geo/samples/GSM1379nnn/GSM1379990/suppl/GSM1379990_C00136_HuGene1.1ST.CEL.gz
GSE57338,sample,GSM1379991,ftp://ftp.ncbi.nlm.nih.gov/geo/samples/GSM1379nnn/GSM1379991/suppl/GSM1379991_C00149_HuGene1.1ST.CEL.gz
GSE57338,sample,GSM1379992,ftp://ftp.ncbi.nlm.nih.gov/geo/samples/GSM1379nnn/GSM1379992/suppl/GSM1379992_C02064_HuGene1.1ST.CEL.gz
GSE57338,sample,GSM1379993,ftp://ftp.ncbi.nlm.nih.gov/geo/samples/GSM1379nnn/GSM1379993/suppl/GSM1379993_C02099_HuGene1.1ST.CEL.gz
GSE57338,sample,GSM1379994,ftp://ftp.ncbi.nlm.nih.gov/geo/samples/GSM1379nnn/GSM1379994/suppl/GSM1379994_C02100_HuGene1.1ST.CEL.gz
GSE57338,sample,GSM1379995,ftp://ftp.ncbi.nlm.nih.gov/geo/samples/GSM1379nnn/GSM1379995/suppl/GSM1379995_C02101_HuGene1.1ST.CEL.gz
GSE57338,sample,GSM1379996,ftp://ftp.ncbi.nlm.nih.gov/geo/samples/GSM1379nnn/GSM1379996/suppl/GSM1379996_C02104_HuGene1.1ST.CEL.gz
GSE57338,sample,GSM1379997,ftp://ftp.ncbi.nlm.nih.gov/geo/samples/GSM1379nnn/GSM1379997/suppl/GSM1379997_C02107_HuGene1.1ST.CEL.gz
GSE57338,sample,GSM1379998,ftp://ftp.ncbi.nlm.nih.gov/geo/samples/GSM1379nnn/GSM1379998/suppl/GSM1379998_C02150_HuGene1.1ST.CEL.gz
GSE57338,sample,GSM1379999,ftp://ftp.ncbi.nlm.nih.gov/geo/samples/GSM1379nnn/GSM1379999/suppl/GSM1379999_C02152_HuGene1.1ST.CEL.gz
GSE57338,sample,GSM1380000,ftp://ftp.ncbi.nlm.nih.gov/geo/samples/GSM1380nnn/GSM1380000/suppl/GSM1380000_C02154_HuGene1.1ST.CEL.gz
GSE57338,sample,GSM1380001,ftp://ftp.ncbi.nlm.nih.gov/geo/samples/GSM1380nnn/GSM1380001/suppl/GSM1380001_C02156_HuGene1.1ST.CEL.gz
GSE57338,sample,GSM1380002,ftp://ftp.ncbi.nlm.nih.gov/geo/samples/GSM1380nnn/GSM1380002/suppl/GSM1380002_C02157_HuGene1.1ST.CEL.gz
GSE57338,sample,GSM1380003,ftp://ftp.ncbi.nlm.nih.gov/geo/samples/GSM1380nnn/GSM1380003/suppl/GSM1380003_C02158_HuGene1.1ST.CEL.gz
GSE57338,sample,GSM1380004,ftp://ftp.ncbi.nlm.nih.gov/geo/samples/GSM1380nnn/GSM1380004/suppl/GSM1380004_C02168_HuGene1.1ST.CEL.gz
GSE57338,sample,GSM1380005,ftp://ftp.ncbi.nlm.nih.gov/geo/samples/GSM1380nnn/GSM1380005/suppl/GSM1380005_C02170_HuGene1.1ST.CEL.gz
GSE57338,sample,GSM1380006,ftp://ftp.ncbi.nlm.nih.gov/geo/samples/GSM1380nnn/GSM1380006/suppl/GSM1380006_C02172_HuGene1.1ST.CEL.gz
GSE57338,sample,GSM1380007,ftp://ftp.ncbi.nlm.nih.gov/geo/samples/GSM1380nnn/GSM1380007/suppl/GSM1380007_C02174_HuGene1.1ST.CEL.gz
GSE57338,sample,GSM1380008,ftp://ftp.ncbi.nlm.nih.gov/geo/samples/GSM1380nnn/GSM1380008/suppl/GSM1380008_P00331_HuGene1.1ST.CEL.gz
GSE57338,sample,GSM1380009,ftp://ftp.ncbi.nlm.nih.gov/geo/samples/GSM1380nnn/GSM1380009/suppl/GSM1380009_P00226_HuGene1.1ST.CEL.gz
GSE57338,sample,GSM1380010,ftp://ftp.ncbi.nlm.nih.gov/geo/samples/GSM1380nnn/GSM1380010/suppl/GSM1380010_P00365_HuGene1.1ST.CEL.gz
GSE57338,sample,GSM1380011,ftp://ftp.ncbi.nlm.nih.gov/geo/samples/GSM1380nnn/GSM1380011/suppl/GSM1380011_P00325_HuGene1.1ST.CEL.gz
GSE57338,sample,GSM1380012,ftp://ftp.ncbi.nlm.nih.gov/geo/samples/GSM1380nnn/GSM1380012/suppl/GSM1380012_P00381_HuGene1.1ST.CEL.gz
GSE57338,sample,GSM1380013,ftp://ftp.ncbi.nlm.nih.gov/geo/samples/GSM1380nnn/GSM1380013/suppl/GSM1380013_P00477_HuGene1.1ST.CEL.gz
GSE57338,sample,GSM1380014,ftp://ftp.ncbi.nlm.nih.gov/geo/samples/GSM1380nnn/GSM1380014/suppl/GSM1380014_P00490_HuGene1.1ST.CEL.gz
GSE57338,sample,GSM1380015,ftp://ftp.ncbi.nlm.nih.gov/geo/samples/GSM1380nnn/GSM1380015/suppl/GSM1380015_P00497_HuGene1.1ST.CEL.gz
GSE57338,sample,GSM1380016,ftp://ftp.ncbi.nlm.nih.gov/geo/samples/GSM1380nnn/GSM1380016/suppl/GSM1380016_P00307_HuGene1.1ST.CEL.gz
GSE57338,sample,GSM1380017,ftp://ftp.ncbi.nlm.nih.gov/geo/samples/GSM1380nnn/GSM1380017/suppl/GSM1380017_P00003_HuGene1.1ST.CEL.gz
GSE57338,sample,GSM1380018,ftp://ftp.ncbi.nlm.nih.gov/geo/samples/GSM1380nnn/GSM1380018/suppl/GSM1380018_C02037_HuGene1.1ST.CEL.gz
GSE57338,sample,GSM1380019,ftp://ftp.ncbi.nlm.nih.gov/geo/samples/GSM1380nnn/GSM1380019/suppl/GSM1380019_C02193_HuGene1.1ST.CEL.gz
GSE57338,sample,GSM1380020,ftp://ftp.ncbi.nlm.nih.gov/geo/samples/GSM1380nnn/GSM1380020/suppl/GSM1380020_C01957_HuGene1.1ST.CEL.gz
GSE57338,sample,GSM1380021,ftp://ftp.ncbi.nlm.nih.gov/geo/samples/GSM1380nnn/GSM1380021/suppl/GSM1380021_P00322_HuGene1.1ST.CEL.gz
GSE57338,sample,GSM1380022,ftp://ftp.ncbi.nlm.nih.gov/geo/samples/GSM1380nnn/GSM1380022/suppl/GSM1380022_C02190_HuGene1.1ST.CEL.gz
GSE57338,sample,GSM1380023,ftp://ftp.ncbi.nlm.nih.gov/geo/samples/GSM1380nnn/GSM1380023/suppl/GSM1380023_C02038_HuGene1.1ST.CEL.gz
GSE57338,sample,GSM1380024,ftp://ftp.ncbi.nlm.nih.gov/geo/samples/GSM1380nnn/GSM1380024/suppl/GSM1380024_C02440_HuGene1.1ST.CEL.gz
GSE57338,sample,GSM1380025,ftp://ftp.ncbi.nlm.nih.gov/geo/samples/GSM1380nnn/GSM1380025/suppl/GSM1380025_C02454_HuGene1.1ST.CEL.gz
GSE57338,sample,GSM1380026,ftp://ftp.ncbi.nlm.nih.gov/geo/samples/GSM1380nnn/GSM1380026/suppl/GSM1380026_P01081_HuGene1.1ST.CEL.gz
GSE57338,sample,GSM1380027,ftp://ftp.ncbi.nlm.nih.gov/geo/samples/GSM1380nnn/GSM1380027/suppl/GSM1380027_P01121_HuGene1.1ST.CEL.gz
GSE57338,sample,GSM1380028,ftp://ftp.ncbi.nlm.nih.gov/geo/samples/GSM1380nnn/GSM1380028/suppl/GSM1380028_P01050_HuGene1.1ST.CEL.gz
GSE57338,sample,GSM1380029,ftp://ftp.ncbi.nlm.nih.gov/geo/samples/GSM1380nnn/GSM1380029/suppl/GSM1380029_P01012_HuGene1.1ST.CEL.gz
GSE57338,sample,GSM1380030,ftp://ftp.ncbi.nlm.nih.gov/geo/samples/GSM1380nnn/GSM1380030/suppl/GSM1380030_P01064_HuGene1.1ST.CEL.gz
GSE57338,sample,GSM1380031,ftp://ftp.ncbi.nlm.nih.gov/geo/samples/GSM1380nnn/GSM1380031/suppl/GSM1380031_P01194_HuGene1.1ST.CEL.gz
GSE57338,sample,GSM1380032,ftp://ftp.ncbi.nlm.nih.gov/geo/samples/GSM1380nnn/GSM1380032/suppl/GSM1380032_P01075_HuGene1.1ST.CEL.gz
GSE57338,sample,GSM1380033,ftp://ftp.ncbi.nlm.nih.gov/geo/samples/GSM1380nnn/GSM1380033/suppl/GSM1380033_P01118_HuGene1.1ST.CEL.gz
GSE57338,sample,GSM1380034,ftp://ftp.ncbi.nlm.nih.gov/geo/samples/GSM1380nnn/GSM1380034/suppl/GSM1380034_P01141_HuGene1.1ST.CEL.gz
GSE57338,sample,GSM1380035,ftp://ftp.ncbi.nlm.nih.gov/geo/samples/GSM1380nnn/GSM1380035/suppl/GSM1380035_P01072_HuGene1.1ST.CEL.gz
GSE57338,sample,GSM1380036,ftp://ftp.ncbi.nlm.nih.gov/geo/samples/GSM1380nnn/GSM1380036/suppl/GSM1380036_P01108_HuGene1.1ST.CEL.gz
GSE57338,sample,GSM1380037,ftp://ftp.ncbi.nlm.nih.gov/geo/samples/GSM1380nnn/GSM1380037/suppl/GSM1380037_P01019_HuGene1.1ST.CEL.gz
GSE57338,sample,GSM1380038,ftp://ftp.ncbi.nlm.nih.gov/geo/samples/GSM1380nnn/GSM1380038/suppl/GSM1380038_P01179_HuGene1.1ST.CEL.gz
GSE57338,sample,GSM1380039,ftp://ftp.ncbi.nlm.nih.gov/geo/samples/GSM1380nnn/GSM1380039/suppl/GSM1380039_P01055_HuGene1.1ST.CEL.gz
GSE57338,sample,GSM1380040,ftp://ftp.ncbi.nlm.nih.gov/geo/samples/GSM1380nnn/GSM1380040/suppl/GSM1380040_P00043_HuGene1.1ST.CEL.gz
GSE57338,sample,GSM1380041,ftp://ftp.ncbi.nlm.nih.gov/geo/samples/GSM1380nnn/GSM1380041/suppl/GSM1380041_P00059_HuGene1.1ST.CEL.gz
GSE57338,sample,GSM1380042,ftp://ftp.ncbi.nlm.nih.gov/geo/samples/GSM1380nnn/GSM1380042/suppl/GSM1380042_P00062_HuGene1.1ST.CEL.gz
GSE57338,sample,GSM1380043,ftp://ftp.ncbi.nlm.nih.gov/geo/samples/GSM1380nnn/GSM1380043/suppl/GSM1380043_P00069_HuGene1.1ST.CEL.gz
GSE57338,sample,GSM1380044,ftp://ftp.ncbi.nlm.nih.gov/geo/samples/GSM1380nnn/GSM1380044/suppl/GSM1380044_P00073_HuGene1.1ST.CEL.gz
GSE57338,sample,GSM1380045,ftp://ftp.ncbi.nlm.nih.gov/geo/samples/GSM1380nnn/GSM1380045/suppl/GSM1380045_P00080_HuGene1.1ST.CEL.gz
GSE57338,sample,GSM1380046,ftp://ftp.ncbi.nlm.nih.gov/geo/samples/GSM1380nnn/GSM1380046/suppl/GSM1380046_P00082_HuGene1.1ST.CEL.gz
GSE57338,sample,GSM1380047,ftp://ftp.ncbi.nlm.nih.gov/geo/samples/GSM1380nnn/GSM1380047/suppl/GSM1380047_P00086_HuGene1.1ST.CEL.gz
GSE57338,sample,GSM1380048,ftp://ftp.ncbi.nlm.nih.gov/geo/samples/GSM1380nnn/GSM1380048/suppl/GSM1380048_P00090_HuGene1.1ST.CEL.gz
GSE57338,sample,GSM1380049,ftp://ftp.ncbi.nlm.nih.gov/geo/samples/GSM1380nnn/GSM1380049/suppl/GSM1380049_P00092_HuGene1.1ST.CEL.gz
GSE57338,sample,GSM1380050,ftp://ftp.ncbi.nlm.nih.gov/geo/samples/GSM1380nnn/GSM1380050/suppl/GSM1380050_P00093_HuGene1.1ST.CEL.gz
GSE57338,sample,GSM1380051,ftp://ftp.ncbi.nlm.nih.gov/geo/samples/GSM1380nnn/GSM1380051/suppl/GSM1380051_P00115_HuGene1.1ST.CEL.gz
GSE57338,sample,GSM1380052,ftp://ftp.ncbi.nlm.nih.gov/geo/samples/GSM1380nnn/GSM1380052/suppl/GSM1380052_P00116_HuGene1.1ST.CEL.gz
GSE57338,sample,GSM1380053,ftp://ftp.ncbi.nlm.nih.gov/geo/samples/GSM1380nnn/GSM1380053/suppl/GSM1380053_P00127_HuGene1.1ST.CEL.gz
GSE57338,sample,GSM1380054,ftp://ftp.ncbi.nlm.nih.gov/geo/samples/GSM1380nnn/GSM1380054/suppl/GSM1380054_P00130_HuGene1.1ST.CEL.gz
GSE57338,sample,GSM1380055,ftp://ftp.ncbi.nlm.nih.gov/geo/samples/GSM1380nnn/GSM1380055/suppl/GSM1380055_P00134_HuGene1.1ST.CEL.gz
GSE57338,sample,GSM1380056,ftp://ftp.ncbi.nlm.nih.gov/geo/samples/GSM1380nnn/GSM1380056/suppl/GSM1380056_P00136_HuGene1.1ST.CEL.gz
GSE57338,sample,GSM1380057,ftp://ftp.ncbi.nlm.nih.gov/geo/samples/GSM1380nnn/GSM1380057/suppl/GSM1380057_P00140_HuGene1.1ST.CEL.gz
GSE57338,sample,GSM1380058,ftp://ftp.ncbi.nlm.nih.gov/geo/samples/GSM1380nnn/GSM1380058/suppl/GSM1380058_P00141_HuGene1.1ST.CEL.gz
GSE57338,sample,GSM1380059,ftp://ftp.ncbi.nlm.nih.gov/geo/samples/GSM1380nnn/GSM1380059/suppl/GSM1380059_P00143_HuGene1.1ST.CEL.gz
GSE57338,sample,GSM1380060,ftp://ftp.ncbi.nlm.nih.gov/geo/samples/GSM1380nnn/GSM1380060/suppl/GSM1380060_P00145_HuGene1.1ST.CEL.gz
GSE57338,sample,GSM1380061,ftp://ftp.ncbi.nlm.nih.gov/geo/samples/GSM1380nnn/GSM1380061/suppl/GSM1380061_P00146_HuGene1.1ST.CEL.gz
GSE57338,sample,GSM1380062,ftp://ftp.ncbi.nlm.nih.gov/geo/samples/GSM1380nnn/GSM1380062/suppl/GSM1380062_P00147_HuGene1.1ST.CEL.gz
GSE57338,sample,GSM1380063,ftp://ftp.ncbi.nlm.nih.gov/geo/samples/GSM1380nnn/GSM1380063/suppl/GSM1380063_P00149_HuGene1.1ST.CEL.gz
GSE57338,sample,GSM1380064,ftp://ftp.ncbi.nlm.nih.gov/geo/samples/GSM1380nnn/GSM1380064/suppl/GSM1380064_P00150_HuGene1.1ST.CEL.gz
GSE57338,sample,GSM1380065,ftp://ftp.ncbi.nlm.nih.gov/geo/samples/GSM1380nnn/GSM1380065/suppl/GSM1380065_P00153_HuGene1.1ST.CEL.gz
GSE57338,sample,GSM1380066,ftp://ftp.ncbi.nlm.nih.gov/geo/samples/GSM1380nnn/GSM1380066/suppl/GSM1380066_P00158_HuGene1.1ST.CEL.gz
GSE57338,sample,GSM1380067,ftp://ftp.ncbi.nlm.nih.gov/geo/samples/GSM1380nnn/GSM1380067/suppl/GSM1380067_P00162_HuGene1.1ST.CEL.gz
GSE57338,sample,GSM1380068,ftp://ftp.ncbi.nlm.nih.gov/geo/samples/GSM1380nnn/GSM1380068/suppl/GSM1380068_P00177_HuGene1.1ST.CEL.gz
GSE57338,sample,GSM1380069,ftp://ftp.ncbi.nlm.nih.gov/geo/samples/GSM1380nnn/GSM1380069/suppl/GSM1380069_P00187_HuGene1.1ST.CEL.gz
GSE57338,sample,GSM1380070,ftp://ftp.ncbi.nlm.nih.gov/geo/samples/GSM1380nnn/GSM1380070/suppl/GSM1380070_P00201_HuGene1.1ST.CEL.gz
GSE57338,sample,GSM1380071,ftp://ftp.ncbi.nlm.nih.gov/geo/samples/GSM1380nnn/GSM1380071/suppl/GSM1380071_P00202_HuGene1.1ST.CEL.gz
GSE57338,sample,GSM1380072,ftp://ftp.ncbi.nlm.nih.gov/geo/samples/GSM1380nnn/GSM1380072/suppl/GSM1380072_P00204_HuGene1.1ST.CEL.gz
GSE57338,sample,GSM1380073,ftp://ftp.ncbi.nlm.nih.gov/geo/samples/GSM1380nnn/GSM1380073/suppl/GSM1380073_P00206_HuGene1.1ST.CEL.gz
GSE57338,sample,GSM1380074,ftp://ftp.ncbi.nlm.nih.gov/geo/samples/GSM1380nnn/GSM1380074/suppl/GSM1380074_P00207_HuGene1.1ST.CEL.gz
GSE57338,sample,GSM1380075,ftp://ftp.ncbi.nlm.nih.gov/geo/samples/GSM1380nnn/GSM1380075/suppl/GSM1380075_P00208_HuGene1.1ST.CEL.gz
GSE57338,sample,GSM1380076,ftp://ftp.ncbi.nlm.nih.gov/geo/samples/GSM1380nnn/GSM1380076/suppl/GSM1380076_P00123_HuGene1.1ST.CEL.gz
GSE57338,sample,GSM1380077,ftp://ftp.ncbi.nlm.nih.gov/geo/samples/GSM1380nnn/GSM1380077/suppl/GSM1380077_P00215_HuGene1.1ST.CEL.gz
GSE57338,sample,GSM1380078,ftp://ftp.ncbi.nlm.nih.gov/geo/samples/GSM1380nnn/GSM1380078/suppl/GSM1380078_P00227_HuGene1.1ST.CEL.gz
GSE57338,sample,GSM1380079,ftp://ftp.ncbi.nlm.nih.gov/geo/samples/GSM1380nnn/GSM1380079/suppl/GSM1380079_P00228_HuGene1.1ST.CEL.gz
GSE57338,sample,GSM1380080,ftp://ftp.ncbi.nlm.nih.gov/geo/samples/GSM1380nnn/GSM1380080/suppl/GSM1380080_P00229_HuGene1.1ST.CEL.gz
GSE57338,sample,GSM1380081,ftp://ftp.ncbi.nlm.nih.gov/geo/samples/GSM1380nnn/GSM1380081/suppl/GSM1380081_P00234_HuGene1.1ST.CEL.gz
GSE57338,sample,GSM1380082,ftp://ftp.ncbi.nlm.nih.gov/geo/samples/GSM1380nnn/GSM1380082/suppl/GSM1380082_P00245_HuGene1.1ST.CEL.gz
GSE57338,sample,GSM1380083,ftp://ftp.ncbi.nlm.nih.gov/geo/samples/GSM1380nnn/GSM1380083/suppl/GSM1380083_P00251_HuGene1.1ST.CEL.gz
GSE57338,sample,GSM1380084,ftp://ftp.ncbi.nlm.nih.gov/geo/samples/GSM1380nnn/GSM1380084/suppl/GSM1380084_P00265_HuGene1.1ST.CEL.gz
GSE57338,sample,GSM1380085,ftp://ftp.ncbi.nlm.nih.gov/geo/samples/GSM1380nnn/GSM1380085/suppl/GSM1380085_P00268_HuGene1.1ST.CEL.gz
GSE57338,sample,GSM1380086,ftp://ftp.ncbi.nlm.nih.gov/geo/samples/GSM1380nnn/GSM1380086/suppl/GSM1380086_P00271_HuGene1.1ST.CEL.gz
GSE57338,sample,GSM1380087,ftp://ftp.ncbi.nlm.nih.gov/geo/samples/GSM1380nnn/GSM1380087/suppl/GSM1380087_P00273_HuGene1.1ST.CEL.gz
GSE57338,sample,GSM1380088,ftp://ftp.ncbi.nlm.nih.gov/geo/samples/GSM1380nnn/GSM1380088/suppl/GSM1380088_P00283_HuGene1.1ST.CEL.gz
GSE57338,sample,GSM1380089,ftp://ftp.ncbi.nlm.nih.gov/geo/samples/GSM1380nnn/GSM1380089/suppl/GSM1380089_P00286_HuGene1.1ST.CEL.gz
GSE57338,sample,GSM1380090,ftp://ftp.ncbi.nlm.nih.gov/geo/samples/GSM1380nnn/GSM1380090/suppl/GSM1380090_P00290_HuGene1.1ST.CEL.gz
GSE57338,sample,GSM1380091,ftp://ftp.ncbi.nlm.nih.gov/geo/samples/GSM1380nnn/GSM1380091/suppl/GSM1380091_P00292_HuGene1.1ST.CEL.gz
GSE57338,sample,GSM1380092,ftp://ftp.ncbi.nlm.nih.gov/geo/samples/GSM1380nnn/GSM1380092/suppl/GSM1380092_P00296_HuGene1.1ST.CEL.gz
GSE57338,sample,GSM1380093,ftp://ftp.ncbi.nlm.nih.gov/geo/samples/GSM1380nnn/GSM1380093/suppl/GSM1380093_P00302_HuGene1.1ST.CEL.gz
GSE57338,sample,GSM1380094,ftp://ftp.ncbi.nlm.nih.gov/geo/samples/GSM1380nnn/GSM1380094/suppl/GSM1380094_P00308_HuGene1.1ST.CEL.gz
GSE57338,sample,GSM1380095,ftp://ftp.ncbi.nlm.nih.gov/geo/samples/GSM1380nnn/GSM1380095/suppl/GSM1380095_P00317_HuGene1.1ST.CEL.gz
GSE57338,sample,GSM1380096,ftp://ftp.ncbi.nlm.nih.gov/geo/samples/GSM1380nnn/GSM1380096/suppl/GSM1380096_P00319_HuGene1.1ST.CEL.gz
GSE57338,sample,GSM1380097,ftp://ftp.ncbi.nlm.nih.gov/geo/samples/GSM1380nnn/GSM1380097/suppl/GSM1380097_P00323_HuGene1.1ST.CEL.gz
GSE57338,sample,GSM1380098,ftp://ftp.ncbi.nlm.nih.gov/geo/samples/GSM1380nnn/GSM1380098/suppl/GSM1380098_P00337_HuGene1.1ST.CEL.gz
GSE57338,sample,GSM1380099,ftp://ftp.ncbi.nlm.nih.gov/geo/samples/GSM1380nnn/GSM1380099/suppl/GSM1380099_P00348_HuGene1.1ST.CEL.gz
GSE57338,sample,GSM1380100,ftp://ftp.ncbi.nlm.nih.gov/geo/samples/GSM1380nnn/GSM1380100/suppl/GSM1380100_P00353_HuGene1.1ST.CEL.gz
GSE57338,sample,GSM1380101,ftp://ftp.ncbi.nlm.nih.gov/geo/samples/GSM1380nnn/GSM1380101/suppl/GSM1380101_P00389_HuGene1.1ST.CEL.gz
GSE57338,sample,GSM1380102,ftp://ftp.ncbi.nlm.nih.gov/geo/samples/GSM1380nnn/GSM1380102/suppl/GSM1380102_P00333_HuGene1.1ST.CEL.gz
GSE57338,sample,GSM1380103,ftp://ftp.ncbi.nlm.nih.gov/geo/samples/GSM1380nnn/GSM1380103/suppl/GSM1380103_P00347_HuGene1.1ST.CEL.gz
GSE57338,sample,GSM1380104,ftp://ftp.ncbi.nlm.nih.gov/geo/samples/GSM1380nnn/GSM1380104/suppl/GSM1380104_P00418_HuGene1.1ST.CEL.gz
GSE57338,sample,GSM1380105,ftp://ftp.ncbi.nlm.nih.gov/geo/samples/GSM1380nnn/GSM1380105/suppl/GSM1380105_P00182_HuGene1.1ST.CEL.gz
GSE57338,sample,GSM1380106,ftp://ftp.ncbi.nlm.nih.gov/geo/samples/GSM1380nnn/GSM1380106/suppl/GSM1380106_P00189_HuGene1.1ST.CEL.gz
GSE57338,sample,GSM1380107,ftp://ftp.ncbi.nlm.nih.gov/geo/samples/GSM1380nnn/GSM1380107/suppl/GSM1380107_P00219_HuGene1.1ST.CEL.gz
GSE57338,sample,GSM1380108,ftp://ftp.ncbi.nlm.nih.gov/geo/samples/GSM1380nnn/GSM1380108/suppl/GSM1380108_P00239_HuGene1.1ST.CEL.gz
GSE57338,sample,GSM1380109,ftp://ftp.ncbi.nlm.nih.gov/geo/samples/GSM1380nnn/GSM1380109/suppl/GSM1380109_P00240_HuGene1.1ST.CEL.gz
GSE57338,sample,GSM1380110,ftp://ftp.ncbi.nlm.nih.gov/geo/samples/GSM1380nnn/GSM1380110/suppl/GSM1380110_P00242_HuGene1.1ST.CEL.gz
GSE57338,sample,GSM1380111,ftp://ftp.ncbi.nlm.nih.gov/geo/samples/GSM1380nnn/GSM1380111/suppl/GSM1380111_P00248_HuGene1.1ST.CEL.gz
GSE57338,sample,GSM1380112,ftp://ftp.ncbi.nlm.nih.gov/geo/samples/GSM1380nnn/GSM1380112/suppl/GSM1380112_P00266_HuGene1.1ST.CEL.gz
GSE57338,sample,GSM1380113,ftp://ftp.ncbi.nlm.nih.gov/geo/samples/GSM1380nnn/GSM1380113/suppl/GSM1380113_P00267_HuGene1.1ST.CEL.gz
GSE57338,sample,GSM1380114,ftp://ftp.ncbi.nlm.nih.gov/geo/samples/GSM1380nnn/GSM1380114/suppl/GSM1380114_P00275_HuGene1.1ST.CEL.gz
GSE57338,sample,GSM1380115,ftp://ftp.ncbi.nlm.nih.gov/geo/samples/GSM1380nnn/GSM1380115/suppl/GSM1380115_P00278_HuGene1.1ST.CEL.gz
GSE57338,sample,GSM1380116,ftp://ftp.ncbi.nlm.nih.gov/geo/samples/GSM1380nnn/GSM1380116/suppl/GSM1380116_P00280_HuGene1.1ST.CEL.gz
GSE57338,sample,GSM1380117,ftp://ftp.ncbi.nlm.nih.gov/geo/samples/GSM1380nnn/GSM1380117/suppl/GSM1380117_P00282_HuGene1.1ST.CEL.gz
GSE57338,sample,GSM1380118,ftp://ftp.ncbi.nlm.nih.gov/geo/samples/GSM1380nnn/GSM1380118/suppl/GSM1380118_P00315_HuGene1.1ST.CEL.gz
GSE57338,sample,GSM1380119,ftp://ftp.ncbi.nlm.nih.gov/geo/samples/GSM1380nnn/GSM1380119/suppl/GSM1380119_P00205_HuGene1.1ST.CEL.gz
GSE57338,sample,GSM1380120,ftp://ftp.ncbi.nlm.nih.gov/geo/samples/GSM1380nnn/GSM1380120/suppl/GSM1380120_C02093_HuGene1.1ST.CEL.gz
GSE57338,sample,GSM1380121,ftp://ftp.ncbi.nlm.nih.gov/geo/samples/GSM1380nnn/GSM1380121/suppl/GSM1380121_P01104_HuGene1.1ST.CEL.gz
GSE57338,sample,GSM1380122,ftp://ftp.ncbi.nlm.nih.gov/geo/samples/GSM1380nnn/GSM1380122/suppl/GSM1380122_P01245_HuGene1.1ST.CEL.gz
GSE57338,sample,GSM1380123,ftp://ftp.ncbi.nlm.nih.gov/geo/samples/GSM1380nnn/GSM1380123/suppl/GSM1380123_P01270_HuGene1.1ST.CEL.gz
GSE57338,sample,GSM1380124,ftp://ftp.ncbi.nlm.nih.gov/geo/samples/GSM1380nnn/GSM1380124/suppl/GSM1380124_P01105_HuGene1.1ST.CEL.gz
